Location,Period,Value
Latvia,2016,10.0
Luxembourg,2016,10.02
San Marino,2016,10.06
San Marino,2016,10.06
Denmark,2016,10.11
Switzerland,2016,10.11
Marshall Islands,2016,10.2
Marshall Islands,2016,10.2
Luxembourg,2016,10.2
Germany,2016,10.23
Vanuatu,2016,10.28
Switzerland,2016,10.32
United Kingdom of Great Britain and Northern Ireland,2016,10.33
Fiji,2016,10.35
Micronesia (Federated States of),2016,10.36
Maldives,2016,10.4
United Kingdom of Great Britain and Northern Ireland,2016,10.45
Vanuatu,2016,10.5
Mauritius,2016,10.52
Austria,2016,10.54
Micronesia (Federated States of),2016,10.54
Italy,2016,10.6
Netherlands,2016,10.66
Samoa,2016,10.66
Fiji,2016,10.7
Lithuania,2016,10.71
Tonga,2016,10.72
Samoa,2016,10.76
Micronesia (Federated States of),2016,10.81
Kiribati,2016,10.82
Brazil,2016,10.85
Tonga,2016,10.95
Maldives,2016,10.97
Samoa,2016,10.98
Solomon Islands,2016,10.99
Papua New Guinea,2016,11.01
Fiji,2016,11.07
Kiribati,2016,11.07
Papua New Guinea,2016,11.11
Vanuatu,2016,11.12
Tonga,2016,11.12
Solomon Islands,2016,11.12
Russian Federation,2016,11.2
Mauritius,2016,11.36
Japan,2016,11.45
France,2016,11.45
Germany,2016,11.51
Monaco,2016,11.52
Monaco,2016,11.52
Kiribati,2016,11.56
Greece,2016,11.59
Brazil,2016,11.62
Lithuania,2016,11.7
Brazil,2016,11.76
Germany,2016,11.76
Solomon Islands,2016,11.8
Paraguay,2016,11.81
Paraguay,2016,11.94
Netherlands,2016,11.96
Paraguay,2016,12.0
Netherlands,2016,12.01
Maldives,2016,12.01
Austria,2016,12.15
Papua New Guinea,2016,12.18
France,2016,12.21
Latvia,2016,12.33
Argentina,2016,12.35
Argentina,2016,12.58
Belgium,2016,12.68
Ukraine,2016,12.71
Republic of Moldova,2016,12.76
Belgium,2016,12.78
Cyprus,2016,12.95
Austria,2016,12.95
Malaysia,2016,13.12
Malta,2016,13.14
Argentina,2016,13.15
Malta,2016,13.15
Romania,2016,13.33
Japan,2016,13.42
Republic of Moldova,2016,13.55
Seychelles,2016,13.67
Seychelles,2016,13.67
Seychelles,2016,13.7
Japan,2016,13.74
Dominican Republic,2016,13.86
Czechia,2016,13.94
Jamaica,2016,13.96
Ukraine,2016,13.98
Greece,2016,14.04
Republic of Moldova,2016,14.09
Belarus,2016,14.35
Latvia,2016,14.41
Panama,2016,14.48
Bahamas,2016,14.57
Cyprus,2016,14.72
Panama,2016,14.74
Romania,2016,14.76
Italy,2016,14.84
Jamaica,2016,14.86
Hungary,2016,14.9
Ukraine,2016,14.93
Greece,2016,14.99
Comoros,2016,15.28
Italy,2016,15.29
Slovenia,2016,15.32
Comoros,2016,15.34
Panama,2016,15.35
Singapore,2016,15.35
Jamaica,2016,15.36
Czechia,2016,15.41
Comoros,2016,15.49
Cyprus,2016,15.59
Romania,2016,15.74
Czechia,2016,15.82
Timor-Leste,2016,15.88
Antigua and Barbuda,2016,15.92
Haiti,2016,16.01
Hungary,2016,16.04
Dominican Republic,2016,16.04
Croatia,2016,16.12
Kazakhstan,2016,16.14
Malaysia,2016,16.27
Slovenia,2016,16.29
Sri Lanka,2016,16.33
Timor-Leste,2016,16.34
Cuba,2016,16.35
Belarus,2016,16.36
Dominican Republic,2016,16.53
Sri Lanka,2016,16.54
Bahamas,2016,16.57
Hungary,2016,16.66
Turkmenistan,2016,16.67
Sri Lanka,2016,16.77
Slovenia,2016,16.77
Slovakia,2016,16.78
Malaysia,2016,17.15
Madagascar,2016,17.2
Albania,2016,17.2
Singapore,2016,17.24
Singapore,2016,17.24
Croatia,2016,17.26
Georgia,2016,17.37
Israel,2016,17.4
Indonesia,2016,17.42
Madagascar,2016,17.5
Haiti,2016,17.56
Timor-Leste,2016,17.69
Bahamas,2016,17.74
Croatia,2016,17.75
Bulgaria,2016,17.82
Slovakia,2016,17.82
Kazakhstan,2016,17.84
Colombia,2016,17.85
Madagascar,2016,17.92
Albania,2016,18.07
Belarus,2016,18.12
Turkmenistan,2016,18.24
Slovakia,2016,18.27
Colombia,2016,18.45
Philippines,2016,18.52
Israel,2016,18.52
Israel,2016,18.59
Poland,2016,18.59
Costa Rica,2016,18.64
Costa Rica,2016,18.69
Azerbaijan,2016,18.74
Dominica,2016,18.76
Costa Rica,2016,18.83
Colombia,2016,19.03
Bulgaria,2016,19.04
Viet Nam,2016,19.05
Indonesia,2016,19.05
Saint Lucia,2016,19.1
Cuba,2016,19.11
Albania,2016,19.32
Ecuador,2016,19.4
Montenegro,2016,19.41
Lao People's Democratic Republic,2016,19.46
Haiti,2016,19.51
Ecuador,2016,19.55
Ecuador,2016,19.66
Eswatini,2016,19.78
Eswatini,2016,19.9
Mozambique,2016,19.94
Eswatini,2016,19.94
Venezuela (Bolivarian Republic of),2016,20.11
Chile,2016,20.13
Venezuela (Bolivarian Republic of),2016,20.26
Saint Vincent and the Grenadines,2016,20.37
Montenegro,2016,20.39
Venezuela (Bolivarian Republic of),2016,20.44
Lao People's Democratic Republic,2016,20.46
Namibia,2016,20.48
Dominica,2016,20.5
Kyrgyzstan,2016,20.57
Belize,2016,20.6
Belize,2016,20.61
Suriname,2016,20.61
Indonesia,2016,20.66
Belize,2016,20.7
Montenegro,2016,20.85
Poland,2016,20.96
Azerbaijan,2016,20.99
Antigua and Barbuda,2016,21.03
Bulgaria,2016,21.08
Grenada,2016,21.09
Guyana,2016,21.14
Antigua and Barbuda,2016,21.15
Mozambique,2016,21.22
Philippines,2016,21.29
Nicaragua,2016,21.53
Dominica,2016,21.59
Lao People's Democratic Republic,2016,21.78
Poland,2016,21.9
Viet Nam,2016,22.01
Mozambique,2016,22.1
Georgia,2016,22.15
Nicaragua,2016,22.16
South Africa,2016,22.24
Mexico,2016,22.44
Trinidad and Tobago,2016,22.59
Nicaragua,2016,22.63
Cuba,2016,22.68
Saint Vincent and the Grenadines,2016,22.72
Mexico,2016,22.73
Mexico,2016,22.77
Grenada,2016,22.87
Saint Lucia,2016,22.89
Saint Lucia,2016,22.94
Saint Vincent and the Grenadines,2016,23.09
Grenada,2016,23.14
Guyana,2016,23.14
Azerbaijan,2016,23.21
Trinidad and Tobago,2016,23.32
Philippines,2016,23.72
Viet Nam,2016,23.75
Kyrgyzstan,2016,23.88
Barbados,2016,23.89
Serbia,2016,23.9
Chile,2016,23.92
Uzbekistan,2016,23.97
Namibia,2016,24.05
Kenya,2016,24.07
Lesotho,2016,24.28
Trinidad and Tobago,2016,24.41
Lesotho,2016,24.49
Cambodia,2016,24.51
Zimbabwe,2016,24.56
United Republic of Tanzania,2016,24.57
Malawi,2016,24.63
Barbados,2016,24.82
Serbia,2016,24.85
Bosnia and Herzegovina,2016,24.86
Cambodia,2016,25.05
Botswana,2016,25.05
South Africa,2016,25.15
Serbia,2016,25.15
Botswana,2016,25.16
Zimbabwe,2016,25.18
Bolivia (Plurinational State of),2016,25.18
Botswana,2016,25.18
Honduras,2016,25.41
Barbados,2016,25.42
Zimbabwe,2016,25.45
Honduras,2016,25.47
Honduras,2016,25.51
Kazakhstan,2016,25.6
Malawi,2016,25.62
Republic of Korea,2016,25.69
Malawi,2016,25.83
Lesotho,2016,25.84
The former Yugoslav Republic of Macedonia,2016,25.94
Armenia,2016,26.03
Bolivia (Plurinational State of),2016,26.06
Peru,2016,26.32
Chile,2016,26.34
Republic of Korea,2016,26.41
Suriname,2016,26.48
Republic of Korea,2016,26.5
Kenya,2016,26.6
United Republic of Tanzania,2016,26.73
Guyana,2016,26.77
Georgia,2016,26.95
Cambodia,2016,27.21
Bolivia (Plurinational State of),2016,27.29
Kenya,2016,27.45
United Republic of Tanzania,2016,27.51
Namibia,2016,27.56
Somalia,2016,27.66
Somalia,2016,27.67
Somalia,2016,27.67
Bosnia and Herzegovina,2016,28.14
Morocco,2016,28.19
Kyrgyzstan,2016,28.24
Uzbekistan,2016,28.3
Thailand,2016,28.3
Morocco,2016,28.38
Morocco,2016,28.57
El Salvador,2016,28.97
El Salvador,2016,29.14
El Salvador,2016,29.28
Zambia,2016,29.42
South Africa,2016,29.42
The former Yugoslav Republic of Macedonia,2016,29.59
Lebanon,2016,29.64
Thailand,2016,29.83
Guatemala,2016,30.17
Suriname,2016,30.2
Peru,2016,30.46
Guatemala,2016,30.47
Lebanon,2016,30.66
Bosnia and Herzegovina,2016,30.69
Lebanon,2016,30.7
Zambia,2016,30.79
Guatemala,2016,30.88
Ethiopia,2016,31.11
Zambia,2016,31.45
Tajikistan,2016,31.6
Ethiopia,2016,31.85
Thailand,2016,31.88
Ethiopia,2016,32.13
Tunisia,2016,32.48
Jordan,2016,32.76
Myanmar,2016,33.02
Myanmar,2016,33.15
Jordan,2016,33.2
Turkmenistan,2016,33.26
Tunisia,2016,33.27
Peru,2016,33.32
The former Yugoslav Republic of Macedonia,2016,33.64
Iran (Islamic Republic of),2016,33.68
Myanmar,2016,33.73
Armenia,2016,33.84
Uzbekistan,2016,33.86
Algeria,2016,34.13
Iran (Islamic Republic of),2016,34.45
South Sudan,2016,34.57
South Sudan,2016,34.75
South Sudan,2016,34.77
Tajikistan,2016,34.86
Iran (Islamic Republic of),2016,35.02
Mongolia,2016,35.07
Algeria,2016,35.18
Tunisia,2016,35.34
Eritrea,2016,35.35
Syrian Arab Republic,2016,35.58
Burundi,2016,36.56
Democratic People's Republic of Korea,2016,36.64
Burundi,2016,36.81
Turkey,2016,36.88
Bhutan,2016,36.9
Eritrea,2016,37.02
Turkey,2016,37.21
Burundi,2016,37.25
Jordan,2016,37.28
Angola,2016,37.36
Syrian Arab Republic,2016,37.43
Bhutan,2016,37.57
Bhutan,2016,37.68
Eritrea,2016,37.69
Turkey,2016,37.73
Djibouti,2016,38.22
Angola,2016,38.29
Djibouti,2016,38.34
Sao Tome and Principe,2016,38.38
Djibouti,2016,38.5
Benin,2016,38.8
Democratic People's Republic of Korea,2016,38.89
Sao Tome and Principe,2016,39.0
Sao Tome and Principe,2016,39.17
Rwanda,2016,39.42
Algeria,2016,39.57
Rwanda,2016,39.7
Democratic People's Republic of Korea,2016,39.74
Rwanda,2016,39.83
Canada,2016,4.93
Yemen,2016,40.26
Angola,2016,40.32
Gabon,2016,40.38
Gabon,2016,40.81
Oman,2016,41.33
Yemen,2016,41.46
Gabon,2016,41.51
Congo,2016,41.67
Uganda,2016,41.96
Democratic Republic of the Congo,2016,42.04
Yemen,2016,42.12
Benin,2016,42.17
United Arab Emirates,2016,42.24
China,2016,42.43
Democratic Republic of the Congo,2016,42.5
Uganda,2016,42.75
Mongolia,2016,42.79
Congo,2016,42.88
Central African Republic,2016,42.9
Sudan,2016,42.99
Central African Republic,2016,43.27
Democratic Republic of the Congo,2016,43.35
Central African Republic,2016,43.45
Oman,2016,43.69
Sudan,2016,43.8
Sudan,2016,44.08
Equatorial Guinea,2016,44.38
Congo,2016,44.42
Equatorial Guinea,2016,44.47
United Arab Emirates,2016,44.87
Equatorial Guinea,2016,45.04
Togo,2016,45.09
Benin,2016,45.38
Togo,2016,45.48
Armenia,2016,45.53
Oman,2016,45.72
Uganda,2016,45.74
China,2016,45.76
United Arab Emirates,2016,45.84
Togo,2016,46.08
Libya,2016,46.37
Tajikistan,2016,46.47
Syrian Arab Republic,2016,46.76
Nigeria,2016,47.11
China,2016,48.77
Libya,2016,49.23
Sweden,2016,5.15
Finland,2016,5.33
Estonia,2016,5.73
Sweden,2016,5.73
Finland,2016,5.75
Iceland,2016,5.81
Iceland,2016,5.81
Iceland,2016,5.82
Libya,2016,50.31
Ghana,2016,51.65
Liberia,2016,52.03
Liberia,2016,52.28
Liberia,2016,52.47
Afghanistan,2016,52.84
Guinea,2016,53.12
Sierra Leone,2016,53.26
Guinea,2016,53.32
Guinea-Bissau,2016,53.76
Guinea,2016,53.8
Iraq,2016,54.18
Burkina Faso,2016,54.22
Sierra Leone,2016,54.28
Guinea-Bissau,2016,54.43
Ghana,2016,54.5
Guinea-Bissau,2016,55.02
Afghanistan,2016,55.14
Iraq,2016,55.42
Ghana,2016,55.62
Burkina Faso,2016,55.96
Sierra Leone,2016,56.02
Pakistan,2016,56.18
Iraq,2016,56.39
Burkina Faso,2016,56.48
Kuwait,2016,56.52
Côte d’Ivoire,2016,56.71
Gambia,2016,56.73
Côte d’Ivoire,2016,57.65
Gambia,2016,57.74
Gambia,2016,58.43
Côte d’Ivoire,2016,58.47
Saudi Arabia,2016,58.62
Bangladesh,2016,58.69
Pakistan,2016,58.76
Senegal,2016,59.77
Senegal,2016,59.77
Senegal,2016,59.78
Mongolia,2016,59.97
Sweden,2016,6.03
Norway,2016,6.17
Australia,2016,6.21
New Zealand,2016,6.32
United States of America,2016,6.36
Estonia,2016,6.41
Canada,2016,6.41
Finland,2016,6.48
New Zealand,2016,6.65
Canada,2016,6.69
New Zealand,2016,6.72
Estonia,2016,6.73
Norway,2016,6.82
Saudi Arabia,2016,60.11
India,2016,60.94
Nigeria,2016,61.73
Bahrain,2016,61.73
Cabo Verde,2016,62.05
Cabo Verde,2016,62.2
Kuwait,2016,62.59
Pakistan,2016,62.61
Bangladesh,2016,62.79
Cabo Verde,2016,62.87
Mali,2016,63.07
Bahrain,2016,63.21
Bahrain,2016,63.32
Afghanistan,2016,63.61
Chad,2016,63.61
Mali,2016,63.64
Saudi Arabia,2016,63.96
Mali,2016,64.04
Bangladesh,2016,64.13
Chad,2016,64.27
Cameroon,2016,64.27
Kuwait,2016,64.97
Cameroon,2016,65.42
Cameroon,2016,66.63
Egypt,2016,66.73
Chad,2016,66.75
India,2016,68.76
Australia,2016,7.14
Ireland,2016,7.28
Australia,2016,7.29
Portugal,2016,7.3
United States of America,2016,7.43
Brunei Darussalam,2016,7.44
Brunei Darussalam,2016,7.51
Norway,2016,7.64
United States of America,2016,7.67
Portugal,2016,7.69
Brunei Darussalam,2016,7.8
Spain,2016,7.97
Andorra,2016,7.99
Mauritania,2016,70.81
Egypt,2016,72.31
Nigeria,2016,72.78
Egypt,2016,72.97
Qatar,2016,73.3
Mauritania,2016,74.13
Nepal,2016,77.72
Mauritania,2016,78.1
India,2016,78.16
Ireland,2016,8.01
Russian Federation,2016,8.09
United Kingdom of Great Britain and Northern Ireland,2016,8.09
Nauru,2016,8.19
Nauru,2016,8.19
Switzerland,2016,8.3
Portugal,2016,8.4
Ireland,2016,8.49
Tuvalu,2016,8.5
Tuvalu,2016,8.5
Luxembourg,2016,8.54
Palau,2016,8.68
Andorra,2016,8.71
Palau,2016,8.79
Palau,2016,8.84
Cook Islands,2016,8.87
Cook Islands,2016,8.87
Qatar,2016,80.8
Nepal,2016,81.57
Qatar,2016,81.64
Nepal,2016,87.97
Niger,2016,89.42
Belgium,2016,9.1
Denmark,2016,9.12
Spain,2016,9.2
Niue,2016,9.34
Niue,2016,9.34
Malta,2016,9.43
Andorra,2016,9.47
Spain,2016,9.51
Mauritius,2016,9.52
Uruguay,2016,9.6
France,2016,9.64
Saint Kitts and Nevis,2016,9.72
Saint Kitts and Nevis,2016,9.73
Saint Kitts and Nevis,2016,9.79
Russian Federation,2016,9.8
Denmark,2016,9.85
Nauru,2016,9.88
Lithuania,2016,9.91
Uruguay,2016,9.95
Uruguay,2016,9.99
Niger,2016,93.18
Niger,2016,93.83
Spain,2015,10.08
Marshall Islands,2015,10.15
Marshall Islands,2015,10.15
Maldives,2015,10.32
Vanuatu,2015,10.36
Fiji,2015,10.39
Spain,2015,10.4
Tonga,2015,10.43
France,2015,10.48
Russian Federation,2015,10.51
Malta,2015,10.53
Kiribati,2015,10.55
Micronesia (Federated States of),2015,10.55
Tonga,2015,10.59
Denmark,2015,10.6
Vanuatu,2015,10.61
Mauritius,2015,10.64
Kiribati,2015,10.65
Samoa,2015,10.68
Tonga,2015,10.71
Micronesia (Federated States of),2015,10.73
Latvia,2015,10.73
Lithuania,2015,10.73
Andorra,2015,10.74
Fiji,2015,10.75
United Kingdom of Great Britain and Northern Ireland,2015,10.76
Solomon Islands,2015,10.81
Papua New Guinea,2015,10.83
Samoa,2015,10.86
Denmark,2015,10.88
United Kingdom of Great Britain and Northern Ireland,2015,10.88
Papua New Guinea,2015,10.91
Solomon Islands,2015,10.93
Luxembourg,2015,10.94
Micronesia (Federated States of),2015,10.95
Brazil,2015,10.97
Vanuatu,2015,11.05
Japan,2015,11.09
Fiji,2015,11.1
Kiribati,2015,11.12
Luxembourg,2015,11.15
Samoa,2015,11.17
Maldives,2015,11.2
Switzerland,2015,11.21
Germany,2015,11.3
Switzerland,2015,11.45
Mauritius,2015,11.46
Austria,2015,11.6
Lithuania,2015,11.61
Solomon Islands,2015,11.62
Netherlands,2015,11.69
Italy,2015,11.74
Brazil,2015,11.77
Brazil,2015,11.92
Russian Federation,2015,11.95
Papua New Guinea,2015,12.01
Argentina,2015,12.24
Paraguay,2015,12.32
Malaysia,2015,12.4
Paraguay,2015,12.47
Argentina,2015,12.5
France,2015,12.5
Paraguay,2015,12.56
Germany,2015,12.66
Seychelles,2015,12.71
Lithuania,2015,12.76
Monaco,2015,12.79
Monaco,2015,12.79
Seychelles,2015,12.8
Seychelles,2015,12.81
Greece,2015,12.85
Germany,2015,12.93
Netherlands,2015,12.99
Japan,2015,13.04
Netherlands,2015,13.05
Latvia,2015,13.18
Argentina,2015,13.23
France,2015,13.34
Japan,2015,13.36
Austria,2015,13.41
Belgium,2015,13.66
Romania,2015,13.77
Belgium,2015,13.77
Ukraine,2015,13.84
Dominican Republic,2015,13.99
Republic of Moldova,2015,14.07
Jamaica,2015,14.1
Austria,2015,14.28
Timor-Leste,2015,14.54
Malta,2015,14.67
Malta,2015,14.67
Bahamas,2015,14.73
Cyprus,2015,14.76
Panama,2015,14.77
Czechia,2015,14.89
Republic of Moldova,2015,14.91
Jamaica,2015,14.96
Timor-Leste,2015,14.99
Panama,2015,15.03
Romania,2015,15.17
Ukraine,2015,15.22
Singapore,2015,15.25
Kazakhstan,2015,15.28
Latvia,2015,15.35
Jamaica,2015,15.43
Republic of Moldova,2015,15.46
Indonesia,2015,15.52
Malaysia,2015,15.58
Greece,2015,15.59
Panama,2015,15.65
Hungary,2015,15.8
Belarus,2015,15.97
Turkmenistan,2015,16.06
Comoros,2015,16.11
Antigua and Barbuda,2015,16.17
Comoros,2015,16.17
Timor-Leste,2015,16.19
Haiti,2015,16.21
Romania,2015,16.23
Dominican Republic,2015,16.25
Ukraine,2015,16.27
Comoros,2015,16.29
Slovenia,2015,16.33
Czechia,2015,16.47
Malaysia,2015,16.5
Italy,2015,16.53
Cuba,2015,16.56
Greece,2015,16.66
Indonesia,2015,16.68
Bahamas,2015,16.74
Dominican Republic,2015,16.81
Kazakhstan,2015,16.87
Georgia,2015,16.88
Cyprus,2015,16.89
Czechia,2015,16.93
Singapore,2015,17.04
Singapore,2015,17.04
Hungary,2015,17.04
Italy,2015,17.05
Croatia,2015,17.11
Slovenia,2015,17.33
Philippines,2015,17.37
Turkmenistan,2015,17.52
Lao People's Democratic Republic,2015,17.59
Slovakia,2015,17.61
Viet Nam,2015,17.62
Bahamas,2015,17.63
Hungary,2015,17.7
Haiti,2015,17.78
Indonesia,2015,17.81
Slovenia,2015,17.86
Cyprus,2015,17.92
Colombia,2015,18.0
Azerbaijan,2015,18.07
Albania,2015,18.17
Belarus,2015,18.19
Madagascar,2015,18.23
Croatia,2015,18.33
Lao People's Democratic Republic,2015,18.46
Madagascar,2015,18.59
Colombia,2015,18.64
Sri Lanka,2015,18.69
Slovakia,2015,18.71
Costa Rica,2015,18.75
Bulgaria,2015,18.78
Costa Rica,2015,18.81
Croatia,2015,18.87
Dominica,2015,19.01
Costa Rica,2015,19.02
Albania,2015,19.06
Madagascar,2015,19.12
Slovakia,2015,19.21
Ecuador,2015,19.23
Colombia,2015,19.27
Sri Lanka,2015,19.33
Israel,2015,19.37
Ecuador,2015,19.4
Cuba,2015,19.43
Ecuador,2015,19.5
Lao People's Democratic Republic,2015,19.63
Kyrgyzstan,2015,19.66
Poland,2015,19.67
Saint Lucia,2015,19.68
Haiti,2015,19.76
Sri Lanka,2015,19.89
Philippines,2015,19.94
Bulgaria,2015,20.07
Azerbaijan,2015,20.19
Belarus,2015,20.23
Belize,2015,20.3
Belize,2015,20.32
Chile,2015,20.35
Venezuela (Bolivarian Republic of),2015,20.46
Israel,2015,20.47
Albania,2015,20.49
Belize,2015,20.49
Israel,2015,20.54
Dominica,2015,20.55
Venezuela (Bolivarian Republic of),2015,20.63
Viet Nam,2015,20.63
Saint Vincent and the Grenadines,2015,20.75
Montenegro,2015,20.79
Venezuela (Bolivarian Republic of),2015,20.83
Antigua and Barbuda,2015,20.99
Suriname,2015,21.03
Antigua and Barbuda,2015,21.05
Guyana,2015,21.34
Georgia,2015,21.44
Grenada,2015,21.45
Nicaragua,2015,21.6
Dominica,2015,21.69
Montenegro,2015,21.78
Mozambique,2015,21.91
Nicaragua,2015,22.17
Philippines,2015,22.23
Montenegro,2015,22.26
Bulgaria,2015,22.31
Azerbaijan,2015,22.41
Poland,2015,22.41
Kenya,2015,22.46
Viet Nam,2015,22.46
Nicaragua,2015,22.58
Mexico,2015,22.74
Kyrgyzstan,2015,22.84
Uzbekistan,2015,22.85
Mozambique,2015,22.89
Cambodia,2015,22.98
Mexico,2015,23.02
Trinidad and Tobago,2015,23.03
Cuba,2015,23.03
Eswatini,2015,23.05
Mexico,2015,23.06
Saint Vincent and the Grenadines,2015,23.09
Guyana,2015,23.33
Eswatini,2015,23.33
Saint Vincent and the Grenadines,2015,23.39
Eswatini,2015,23.43
Poland,2015,23.47
Cambodia,2015,23.5
Mozambique,2015,23.55
Grenada,2015,23.58
Namibia,2015,23.63
Saint Lucia,2015,23.71
Saint Lucia,2015,23.79
Trinidad and Tobago,2015,23.84
Grenada,2015,23.84
Barbados,2015,23.85
United Republic of Tanzania,2015,24.02
Chile,2015,24.14
Kazakhstan,2015,24.18
South Africa,2015,24.47
Trinidad and Tobago,2015,24.88
Bolivia (Plurinational State of),2015,25.11
Barbados,2015,25.23
Serbia,2015,25.25
Armenia,2015,25.28
Kenya,2015,25.37
Republic of Korea,2015,25.44
Zimbabwe,2015,25.45
Thailand,2015,25.64
Honduras,2015,25.68
Honduras,2015,25.72
United Republic of Tanzania,2015,25.76
Honduras,2015,25.76
Cambodia,2015,25.78
Barbados,2015,25.9
Bolivia (Plurinational State of),2015,25.92
Peru,2015,25.97
Georgia,2015,26.14
Malawi,2015,26.19
Namibia,2015,26.22
Serbia,2015,26.22
Republic of Korea,2015,26.26
Bosnia and Herzegovina,2015,26.28
Republic of Korea,2015,26.37
United Republic of Tanzania,2015,26.4
Zimbabwe,2015,26.42
Guyana,2015,26.43
Kenya,2015,26.43
Somalia,2015,26.45
Serbia,2015,26.53
Somalia,2015,26.55
Somalia,2015,26.57
Chile,2015,26.58
Zimbabwe,2015,26.79
Thailand,2015,26.79
Kyrgyzstan,2015,26.87
Bolivia (Plurinational State of),2015,27.02
Suriname,2015,27.03
Uzbekistan,2015,27.05
South Africa,2015,27.11
Malawi,2015,27.49
Botswana,2015,27.52
The former Yugoslav Republic of Macedonia,2015,27.65
Botswana,2015,27.7
Malawi,2015,27.76
Morocco,2015,27.84
Morocco,2015,28.09
Morocco,2015,28.3
Thailand,2015,28.43
Botswana,2015,28.44
Lesotho,2015,28.58
Lesotho,2015,28.8
Namibia,2015,28.88
El Salvador,2015,29.28
El Salvador,2015,29.42
El Salvador,2015,29.59
Bosnia and Herzegovina,2015,29.9
Peru,2015,29.93
Zambia,2015,30.02
Lesotho,2015,30.16
Tunisia,2015,30.36
Guatemala,2015,30.44
Suriname,2015,30.58
Tunisia,2015,30.65
Tajikistan,2015,30.66
Myanmar,2015,30.77
Guatemala,2015,30.78
Myanmar,2015,30.85
South Africa,2015,30.88
Myanmar,2015,31.14
Guatemala,2015,31.23
Tunisia,2015,31.33
Lebanon,2015,31.34
The former Yugoslav Republic of Macedonia,2015,31.51
Ethiopia,2015,31.53
Mongolia,2015,31.96
Zambia,2015,31.99
Uzbekistan,2015,32.22
Lebanon,2015,32.27
Turkmenistan,2015,32.28
Lebanon,2015,32.3
Ethiopia,2015,32.37
Ethiopia,2015,32.68
Peru,2015,32.69
Bosnia and Herzegovina,2015,32.71
Armenia,2015,32.76
Zambia,2015,32.92
Algeria,2015,33.52
Tajikistan,2015,33.84
Jordan,2015,33.99
Algeria,2015,34.37
Jordan,2015,34.52
Iran (Islamic Republic of),2015,34.54
Eritrea,2015,35.31
Iran (Islamic Republic of),2015,35.5
The former Yugoslav Republic of Macedonia,2015,35.73
Burundi,2015,35.74
Burundi,2015,35.95
Iran (Islamic Republic of),2015,36.26
Burundi,2015,36.31
South Sudan,2015,36.47
Bhutan,2015,36.59
South Sudan,2015,36.67
South Sudan,2015,36.7
Syrian Arab Republic,2015,36.99
Sao Tome and Principe,2015,37.01
Bhutan,2015,37.24
Eritrea,2015,37.29
Bhutan,2015,37.4
Sao Tome and Principe,2015,37.43
Angola,2015,37.64
Algeria,2015,37.65
Sao Tome and Principe,2015,37.77
Turkey,2015,38.05
Eritrea,2015,38.06
Angola,2015,38.1
Rwanda,2015,38.29
Rwanda,2015,38.38
Rwanda,2015,38.43
Turkey,2015,38.59
Syrian Arab Republic,2015,38.94
Angola,2015,39.17
Djibouti,2015,39.19
Gabon,2015,39.3
Benin,2015,39.3
Djibouti,2015,39.34
Turkey,2015,39.47
Gabon,2015,39.48
Djibouti,2015,39.52
Mongolia,2015,39.58
Jordan,2015,39.66
Gabon,2015,39.67
Democratic People's Republic of Korea,2015,40.39
Libya,2015,40.5
Congo,2015,40.77
Uganda,2015,40.81
Uganda,2015,41.44
Democratic Republic of the Congo,2015,41.95
Congo,2015,42.28
Democratic Republic of the Congo,2015,42.35
Benin,2015,42.85
Democratic Republic of the Congo,2015,43.02
Democratic People's Republic of Korea,2015,43.25
Congo,2015,43.82
Libya,2015,43.82
Equatorial Guinea,2015,43.85
Uganda,2015,43.86
Central African Republic,2015,43.89
Equatorial Guinea,2015,44.01
Armenia,2015,44.09
Oman,2015,44.19
Democratic People's Republic of Korea,2015,44.3
Sudan,2015,44.44
Yemen,2015,44.56
Central African Republic,2015,44.82
Sudan,2015,44.93
Sudan,2015,45.08
Equatorial Guinea,2015,45.12
Libya,2015,45.19
Central African Republic,2015,45.29
Tajikistan,2015,45.55
Togo,2015,45.89
United Arab Emirates,2015,46.01
Yemen,2015,46.11
China,2015,46.12
Togo,2015,46.16
Benin,2015,46.27
Togo,2015,46.46
Oman,2015,46.5
Yemen,2015,47.08
Syrian Arab Republic,2015,47.3
Oman,2015,48.38
United Arab Emirates,2015,48.75
Nigeria,2015,49.3
United Arab Emirates,2015,49.63
Sweden,2015,5.4
Finland,2015,5.64
Canada,2015,5.65
Sweden,2015,5.99
China,2015,50.28
Ghana,2015,52.27
Afghanistan,2015,52.58
Liberia,2015,53.65
China,2015,54.1
Liberia,2015,54.3
Ghana,2015,54.5
Pakistan,2015,54.72
Liberia,2015,54.88
Afghanistan,2015,54.89
Guinea,2015,55.16
Ghana,2015,55.34
Sierra Leone,2015,55.35
Guinea,2015,55.62
Mongolia,2015,55.79
Iraq,2015,55.96
Sierra Leone,2015,56.32
Guinea,2015,56.61
Burkina Faso,2015,56.66
Pakistan,2015,56.89
Côte d’Ivoire,2015,57.33
Côte d’Ivoire,2015,58.1
Iraq,2015,58.18
Guinea-Bissau,2015,58.2
Sierra Leone,2015,58.46
Burkina Faso,2015,58.5
Côte d’Ivoire,2015,58.76
Burkina Faso,2015,59.01
Guinea-Bissau,2015,59.08
Kuwait,2015,59.1
Bangladesh,2015,59.58
India,2015,59.81
Finland,2015,6.03
Estonia,2015,6.09
Australia,2015,6.23
New Zealand,2015,6.23
Sweden,2015,6.29
Iceland,2015,6.3
Iceland,2015,6.31
Iceland,2015,6.32
New Zealand,2015,6.55
Norway,2015,6.58
New Zealand,2015,6.62
Finland,2015,6.68
Estonia,2015,6.8
Iraq,2015,60.09
Pakistan,2015,60.1
Guinea-Bissau,2015,60.23
Gambia,2015,63.01
Gambia,2015,63.24
Afghanistan,2015,63.43
Gambia,2015,63.45
Bangladesh,2015,64.02
Nigeria,2015,64.39
Kuwait,2015,65.05
Bahrain,2015,65.1
Chad,2015,65.33
Bangladesh,2015,65.5
Senegal,2015,65.85
Bahrain,2015,65.92
Bahrain,2015,65.92
Senegal,2015,66.17
Chad,2015,66.33
Saudi Arabia,2015,66.37
Mali,2015,66.59
Senegal,2015,66.61
Cameroon,2015,66.78
Mali,2015,67.22
India,2015,67.22
Kuwait,2015,67.37
Saudi Arabia,2015,67.62
Mali,2015,67.67
Cameroon,2015,68.42
Egypt,2015,68.75
Cameroon,2015,69.99
United States of America,2015,7.08
Estonia,2015,7.16
Australia,2015,7.19
Norway,2015,7.24
Brunei Darussalam,2015,7.3
Canada,2015,7.33
Brunei Darussalam,2015,7.35
Australia,2015,7.35
Brunei Darussalam,2015,7.66
Canada,2015,7.66
Nauru,2015,7.74
Nauru,2015,7.8
Ireland,2015,7.87
Chad,2015,70.75
Saudi Arabia,2015,70.88
Cabo Verde,2015,72.46
Cabo Verde,2015,72.61
Cabo Verde,2015,73.51
Nepal,2015,73.71
Egypt,2015,74.52
Egypt,2015,75.28
India,2015,75.92
Nigeria,2015,76.57
Nepal,2015,76.66
Mauritania,2015,78.02
Qatar,2015,79.27
Mauritania,2015,79.37
Portugal,2015,8.05
Norway,2015,8.1
Tuvalu,2015,8.16
Tuvalu,2015,8.16
United States of America,2015,8.2
Cook Islands,2015,8.43
Cook Islands,2015,8.43
United States of America,2015,8.46
Portugal,2015,8.49
United Kingdom of Great Britain and Northern Ireland,2015,8.53
Palau,2015,8.6
Niue,2015,8.62
Niue,2015,8.62
Ireland,2015,8.64
Palau,2015,8.69
Russian Federation,2015,8.7
Palau,2015,8.73
Spain,2015,8.75
Andorra,2015,8.97
Mauritania,2015,80.68
Nepal,2015,82.01
Qatar,2015,87.95
Qatar,2015,88.97
Niger,2015,89.62
Ireland,2015,9.14
Switzerland,2015,9.18
Portugal,2015,9.29
Saint Kitts and Nevis,2015,9.3
Saint Kitts and Nevis,2015,9.32
Luxembourg,2015,9.32
Nauru,2015,9.34
Saint Kitts and Nevis,2015,9.37
Uruguay,2015,9.6
Mauritius,2015,9.63
Denmark,2015,9.79
San Marino,2015,9.87
San Marino,2015,9.87
Andorra,2015,9.87
Belgium,2015,9.88
Uruguay,2015,9.89
Uruguay,2015,9.92
Maldives,2015,9.98
Niger,2015,91.41
Niger,2015,91.72
Malta,2014,10.07
Marshall Islands,2014,10.1
Marshall Islands,2014,10.1
Andorra,2014,10.1
Micronesia (Federated States of),2014,10.24
Maldives,2014,10.3
Vanuatu,2014,10.34
Luxembourg,2014,10.34
Fiji,2014,10.36
Micronesia (Federated States of),2014,10.4
United Kingdom of Great Britain and Northern Ireland,2014,10.44
Solomon Islands,2014,10.45
Tonga,2014,10.49
Solomon Islands,2014,10.51
Luxembourg,2014,10.54
United Kingdom of Great Britain and Northern Ireland,2014,10.56
Vanuatu,2014,10.56
Micronesia (Federated States of),2014,10.6
Mauritius,2014,10.65
Tonga,2014,10.66
Denmark,2014,10.66
Kiribati,2014,10.67
Maldives,2014,10.7
Fiji,2014,10.73
Kiribati,2014,10.73
Papua New Guinea,2014,10.74
Samoa,2014,10.78
Papua New Guinea,2014,10.83
Samoa,2014,10.91
Germany,2014,10.92
Tonga,2014,10.92
Denmark,2014,10.96
Switzerland,2014,10.97
Fiji,2014,11.07
Kiribati,2014,11.17
Switzerland,2014,11.2
Austria,2014,11.2
Samoa,2014,11.23
Netherlands,2014,11.3
Italy,2014,11.36
Solomon Islands,2014,11.36
Russian Federation,2014,11.36
Japan,2014,11.45
Vanuatu,2014,11.45
Mauritius,2014,11.53
Maldives,2014,11.56
Argentina,2014,11.75
Malaysia,2014,11.82
France,2014,11.84
Argentina,2014,11.98
Seychelles,2014,12.11
Lithuania,2014,12.12
Monaco,2014,12.12
Monaco,2014,12.12
Seychelles,2014,12.13
Germany,2014,12.15
Papua New Guinea,2014,12.15
Seychelles,2014,12.19
Brazil,2014,12.27
Netherlands,2014,12.36
Germany,2014,12.39
Netherlands,2014,12.41
Singapore,2014,12.51
Latvia,2014,12.55
Greece,2014,12.59
France,2014,12.6
Argentina,2014,12.63
Belgium,2014,12.82
Austria,2014,12.82
Belgium,2014,12.92
Russian Federation,2014,13.01
Paraguay,2014,13.03
Lithuania,2014,13.08
Brazil,2014,13.11
Paraguay,2014,13.15
Paraguay,2014,13.23
Brazil,2014,13.26
Japan,2014,13.47
Austria,2014,13.6
Japan,2014,13.79
Dominican Republic,2014,13.84
Jamaica,2014,13.95
Malta,2014,14.01
Malta,2014,14.02
Indonesia,2014,14.07
Cyprus,2014,14.14
Singapore,2014,14.16
Singapore,2014,14.16
Lithuania,2014,14.24
Romania,2014,14.27
Malaysia,2014,14.47
Ukraine,2014,14.5
Timor-Leste,2014,14.5
Bahamas,2014,14.75
Comoros,2014,14.75
Jamaica,2014,14.78
Comoros,2014,14.78
Timor-Leste,2014,14.84
Comoros,2014,14.85
Republic of Moldova,2014,15.08
Panama,2014,15.08
Kazakhstan,2014,15.14
Greece,2014,15.23
Jamaica,2014,15.25
Malaysia,2014,15.28
Panama,2014,15.31
Latvia,2014,15.34
Indonesia,2014,15.61
Romania,2014,15.64
Czechia,2014,15.74
Antigua and Barbuda,2014,15.79
Hungary,2014,15.84
Italy,2014,15.85
Panama,2014,15.89
Republic of Moldova,2014,15.95
Ukraine,2014,15.97
Haiti,2014,15.99
Turkmenistan,2014,16.06
Dominican Republic,2014,16.08
Cyprus,2014,16.11
Timor-Leste,2014,16.12
Madagascar,2014,16.2
Greece,2014,16.3
Italy,2014,16.34
Madagascar,2014,16.36
Cuba,2014,16.43
Georgia,2014,16.54
Madagascar,2014,16.55
Republic of Moldova,2014,16.55
Slovenia,2014,16.57
Dominican Republic,2014,16.59
Bahamas,2014,16.66
Kazakhstan,2014,16.7
Romania,2014,16.74
Hungary,2014,17.04
Ukraine,2014,17.06
Cyprus,2014,17.08
Belarus,2014,17.09
Indonesia,2014,17.14
Croatia,2014,17.31
Czechia,2014,17.38
Haiti,2014,17.42
Turkmenistan,2014,17.49
Philippines,2014,17.51
Azerbaijan,2014,17.58
Hungary,2014,17.7
Slovenia,2014,17.76
Bahamas,2014,17.78
Latvia,2014,17.87
Czechia,2014,17.88
Slovakia,2014,17.92
Dominica,2014,18.24
Croatia,2014,18.34
Slovenia,2014,18.42
Viet Nam,2014,18.43
Colombia,2014,18.59
Israel,2014,18.73
Saint Lucia,2014,18.78
Croatia,2014,18.81
Lao People's Democratic Republic,2014,18.82
Albania,2014,18.93
Slovakia,2014,19.04
Costa Rica,2014,19.16
Costa Rica,2014,19.21
Cuba,2014,19.25
Colombia,2014,19.25
Chile,2014,19.29
Namibia,2014,19.34
Belarus,2014,19.35
Costa Rica,2014,19.42
Sri Lanka,2014,19.47
Haiti,2014,19.47
Ecuador,2014,19.53
Slovakia,2014,19.54
Ecuador,2014,19.62
Azerbaijan,2014,19.65
Ecuador,2014,19.68
Kyrgyzstan,2014,19.74
Albania,2014,19.8
Lao People's Democratic Republic,2014,19.83
Belize,2014,19.83
Belize,2014,19.84
Colombia,2014,19.86
Eswatini,2014,19.88
Belize,2014,19.97
Israel,2014,20.04
Dominica,2014,20.04
Sri Lanka,2014,20.06
Eswatini,2014,20.12
Israel,2014,20.14
Bulgaria,2014,20.17
Eswatini,2014,20.19
Poland,2014,20.19
Mozambique,2014,20.21
Philippines,2014,20.27
Saint Vincent and the Grenadines,2014,20.35
Suriname,2014,20.39
Antigua and Barbuda,2014,20.62
Sri Lanka,2014,20.66
Guyana,2014,20.69
Dominica,2014,20.71
Antigua and Barbuda,2014,20.77
Georgia,2014,20.78
Grenada,2014,20.82
Venezuela (Bolivarian Republic of),2014,21.06
Lao People's Democratic Republic,2014,21.13
Mozambique,2014,21.19
Venezuela (Bolivarian Republic of),2014,21.19
Somalia,2014,21.23
Albania,2014,21.23
Viet Nam,2014,21.32
Venezuela (Bolivarian Republic of),2014,21.35
Montenegro,2014,21.36
Belarus,2014,21.46
Bulgaria,2014,21.58
Azerbaijan,2014,21.68
Mozambique,2014,21.84
South Africa,2014,21.87
Nicaragua,2014,22.05
Trinidad and Tobago,2014,22.24
Somalia,2014,22.25
Botswana,2014,22.31
Botswana,2014,22.33
Botswana,2014,22.34
Montenegro,2014,22.49
Somalia,2014,22.55
Nicaragua,2014,22.57
Saint Vincent and the Grenadines,2014,22.62
Namibia,2014,22.7
Grenada,2014,22.75
Cuba,2014,22.75
Guyana,2014,22.76
Philippines,2014,22.77
Poland,2014,22.81
Uzbekistan,2014,22.83
Chile,2014,22.83
Kyrgyzstan,2014,22.84
Saint Lucia,2014,22.9
Saint Vincent and the Grenadines,2014,22.94
Nicaragua,2014,22.96
Saint Lucia,2014,22.97
Viet Nam,2014,23.02
Montenegro,2014,23.08
Trinidad and Tobago,2014,23.11
Grenada,2014,23.15
Barbados,2014,23.24
Cambodia,2014,23.46
Mexico,2014,23.46
Mexico,2014,23.76
Mexico,2014,23.8
Poland,2014,23.84
Cambodia,2014,23.95
Zimbabwe,2014,24.06
Bulgaria,2014,24.07
Kazakhstan,2014,24.08
South Africa,2014,24.1
United Republic of Tanzania,2014,24.16
Trinidad and Tobago,2014,24.18
Zimbabwe,2014,24.51
Barbados,2014,24.61
Zimbabwe,2014,24.67
Armenia,2014,24.72
Kenya,2014,24.95
Barbados,2014,25.01
Chile,2014,25.12
Malawi,2014,25.21
Georgia,2014,25.35
Namibia,2014,25.83
Guyana,2014,25.94
Cambodia,2014,25.96
Honduras,2014,25.99
Honduras,2014,26.01
Republic of Korea,2014,26.02
Honduras,2014,26.03
Morocco,2014,26.07
Morocco,2014,26.13
Malawi,2014,26.19
Morocco,2014,26.2
Suriname,2014,26.31
Lesotho,2014,26.31
Malawi,2014,26.36
Bolivia (Plurinational State of),2014,26.36
United Republic of Tanzania,2014,26.39
Serbia,2014,26.51
Republic of Korea,2014,26.59
Lesotho,2014,26.65
Republic of Korea,2014,26.66
Peru,2014,26.67
South Africa,2014,26.86
Uzbekistan,2014,26.95
Kyrgyzstan,2014,27.03
Kenya,2014,27.07
United Republic of Tanzania,2014,27.13
Thailand,2014,27.15
Bosnia and Herzegovina,2014,27.35
Bolivia (Plurinational State of),2014,27.36
Serbia,2014,27.5
Kenya,2014,27.77
Zambia,2014,27.81
Serbia,2014,27.83
Thailand,2014,28.4
Lesotho,2014,28.52
Ethiopia,2014,28.66
Bolivia (Plurinational State of),2014,28.78
Ethiopia,2014,29.19
Zambia,2014,29.34
Ethiopia,2014,29.39
Suriname,2014,29.43
El Salvador,2014,29.47
El Salvador,2014,29.65
El Salvador,2014,29.8
The former Yugoslav Republic of Macedonia,2014,29.92
Zambia,2014,30.04
Thailand,2014,30.17
South Sudan,2014,30.42
Tajikistan,2014,30.43
South Sudan,2014,30.53
South Sudan,2014,30.55
Peru,2014,30.6
Lebanon,2014,30.68
Guatemala,2014,30.95
Tunisia,2014,30.95
Mongolia,2014,30.97
Bosnia and Herzegovina,2014,30.98
Eritrea,2014,31.18
Tunisia,2014,31.24
Guatemala,2014,31.24
Guatemala,2014,31.65
Lebanon,2014,31.73
Lebanon,2014,31.74
Tunisia,2014,31.9
Uzbekistan,2014,32.05
Armenia,2014,32.12
Myanmar,2014,32.22
Myanmar,2014,32.33
Turkmenistan,2014,32.36
Eritrea,2014,32.82
Djibouti,2014,32.84
Myanmar,2014,32.91
Benin,2014,32.96
Algeria,2014,33.08
Djibouti,2014,33.17
Peru,2014,33.27
Djibouti,2014,33.35
Eritrea,2014,33.43
Tajikistan,2014,33.54
Jordan,2014,33.73
Algeria,2014,33.78
Bosnia and Herzegovina,2014,33.84
The former Yugoslav Republic of Macedonia,2014,33.9
Jordan,2014,34.09
Iran (Islamic Republic of),2014,34.33
Iran (Islamic Republic of),2014,34.65
Iran (Islamic Republic of),2014,34.87
Benin,2014,34.95
Burundi,2014,35.29
Sudan,2014,35.35
Burundi,2014,35.5
Sudan,2014,35.65
Sudan,2014,35.77
Sao Tome and Principe,2014,35.84
Burundi,2014,35.88
Sao Tome and Principe,2014,36.13
Syrian Arab Republic,2014,36.14
Algeria,2014,36.23
Sao Tome and Principe,2014,36.44
Angola,2014,36.48
Angola,2014,36.8
Togo,2014,36.83
Benin,2014,36.86
Turkey,2014,37.11
Togo,2014,37.28
Angola,2014,37.43
Syrian Arab Republic,2014,37.71
Turkey,2014,37.76
Oman,2014,37.84
Yemen,2014,37.91
Jordan,2014,37.92
Rwanda,2014,38.06
Liberia,2014,38.07
Rwanda,2014,38.08
Togo,2014,38.11
Rwanda,2014,38.17
Uganda,2014,38.31
United Arab Emirates,2014,38.31
The former Yugoslav Republic of Macedonia,2014,38.38
Yemen,2014,38.67
Mongolia,2014,38.7
Turkey,2014,38.74
Central African Republic,2014,38.77
Uganda,2014,38.9
Equatorial Guinea,2014,38.95
Equatorial Guinea,2014,39.02
Central African Republic,2014,39.03
Yemen,2014,39.04
Bhutan,2014,39.36
Oman,2014,39.4
Liberia,2014,39.5
Equatorial Guinea,2014,39.58
Central African Republic,2014,39.64
Gabon,2014,39.7
Gabon,2014,39.87
Bhutan,2014,39.92
Bhutan,2014,40.0
Gabon,2014,40.02
United Arab Emirates,2014,40.42
Democratic People's Republic of Korea,2014,40.59
Oman,2014,40.7
Liberia,2014,41.0
Uganda,2014,41.11
United Arab Emirates,2014,41.17
Ghana,2014,41.5
Democratic Republic of the Congo,2014,41.57
Congo,2014,42.01
Democratic Republic of the Congo,2014,42.29
Armenia,2014,43.04
Ghana,2014,43.15
Sierra Leone,2014,43.18
Democratic People's Republic of Korea,2014,43.36
Nigeria,2014,43.37
Democratic Republic of the Congo,2014,43.51
Libya,2014,43.61
Sierra Leone,2014,43.69
Ghana,2014,43.86
Syrian Arab Republic,2014,43.9
Congo,2014,44.06
Democratic People's Republic of Korea,2014,44.38
Tajikistan,2014,44.73
Côte d’Ivoire,2014,44.77
Côte d’Ivoire,2014,44.81
Côte d’Ivoire,2014,44.86
Sierra Leone,2014,45.05
Guinea,2014,45.19
Guinea,2014,45.22
Guinea,2014,45.22
Burkina Faso,2014,45.37
Congo,2014,46.13
Burkina Faso,2014,46.56
Libya,2014,46.6
Burkina Faso,2014,46.81
Libya,2014,47.72
Iraq,2014,48.15
Guinea-Bissau,2014,48.96
China,2014,49.34
Iraq,2014,49.35
Guinea-Bissau,2014,49.6
Kuwait,2014,49.75
Sweden,2014,5.79
Finland,2014,5.81
Canada,2014,5.86
Guinea-Bissau,2014,50.24
Iraq,2014,50.32
Chad,2014,50.96
Chad,2014,51.62
Nigeria,2014,52.63
China,2014,52.96
Saudi Arabia,2014,54.08
Gambia,2014,54.7
Chad,2014,54.81
Kuwait,2014,54.95
Saudi Arabia,2014,55.25
Mongolia,2014,55.34
Cameroon,2014,55.7
Cameroon,2014,55.89
Gambia,2014,56.04
Cameroon,2014,56.11
China,2014,56.27
Mali,2014,56.28
Afghanistan,2014,56.65
Mali,2014,56.78
Bahrain,2014,56.87
Kuwait,2014,56.95
Mali,2014,57.11
Gambia,2014,57.17
Bahrain,2014,57.7
Bahrain,2014,57.73
Saudi Arabia,2014,58.18
Pakistan,2014,58.44
Afghanistan,2014,59.05
Nigeria,2014,59.21
Senegal,2014,59.37
Cabo Verde,2014,59.98
Iceland,2014,6.25
Iceland,2014,6.25
Iceland,2014,6.25
Finland,2014,6.27
Australia,2014,6.28
New Zealand,2014,6.36
Sweden,2014,6.45
New Zealand,2014,6.69
New Zealand,2014,6.76
Norway,2014,6.8
Sweden,2014,6.81
Senegal,2014,60.24
Cabo Verde,2014,60.25
Pakistan,2014,60.68
Senegal,2014,60.85
Cabo Verde,2014,61.05
Egypt,2014,63.29
Bangladesh,2014,63.7
India,2014,63.89
Pakistan,2014,64.06
Niger,2014,65.89
Qatar,2014,67.42
Afghanistan,2014,68.17
Bangladesh,2014,68.24
Egypt,2014,68.74
Niger,2014,68.86
Niger,2014,69.34
Egypt,2014,69.38
Bangladesh,2014,69.78
Finland,2014,7.04
Brunei Darussalam,2014,7.2
Australia,2014,7.22
Nauru,2014,7.29
Nauru,2014,7.29
Brunei Darussalam,2014,7.29
Estonia,2014,7.32
Australia,2014,7.37
United States of America,2014,7.45
Norway,2014,7.46
Canada,2014,7.56
Tuvalu,2014,7.6
Tuvalu,2014,7.6
Brunei Darussalam,2014,7.67
Ireland,2014,7.71
Palau,2014,7.87
Portugal,2014,7.91
Canada,2014,7.91
Palau,2014,7.94
Mauritania,2014,70.52
India,2014,71.7
Qatar,2014,72.33
Qatar,2014,73.01
Mauritania,2014,73.62
Mauritania,2014,77.29
Nepal,2014,77.32
Palau,2014,8.0
Cook Islands,2014,8.06
Cook Islands,2014,8.06
Estonia,2014,8.16
Portugal,2014,8.3
United Kingdom of Great Britain and Northern Ireland,2014,8.31
Norway,2014,8.32
Niue,2014,8.33
Niue,2014,8.33
Spain,2014,8.41
Ireland,2014,8.47
Andorra,2014,8.49
United States of America,2014,8.51
Estonia,2014,8.61
Nauru,2014,8.72
United States of America,2014,8.76
Luxembourg,2014,8.85
Saint Kitts and Nevis,2014,8.88
Saint Kitts and Nevis,2014,8.89
Saint Kitts and Nevis,2014,8.95
Ireland,2014,8.97
Nepal,2014,80.83
India,2014,81.07
Nepal,2014,87.72
Switzerland,2014,9.02
Portugal,2014,9.02
San Marino,2014,9.14
San Marino,2014,9.14
Belgium,2014,9.27
Andorra,2014,9.31
Uruguay,2014,9.33
Russian Federation,2014,9.33
Mauritius,2014,9.63
Spain,2014,9.63
Uruguay,2014,9.64
Uruguay,2014,9.66
Denmark,2014,9.81
Spain,2014,9.94
France,2014,9.96
Portugal,2013,10.05
Marshall Islands,2013,10.12
Marshall Islands,2013,10.12
Micronesia (Federated States of),2013,10.33
Belgium,2013,10.35
Fiji,2013,10.38
Tonga,2013,10.47
Vanuatu,2013,10.48
Solomon Islands,2013,10.51
Micronesia (Federated States of),2013,10.55
Andorra,2013,10.59
Solomon Islands,2013,10.63
Samoa,2013,10.65
Vanuatu,2013,10.66
Spain,2013,10.7
Fiji,2013,10.7
Tonga,2013,10.73
Denmark,2013,10.74
Papua New Guinea,2013,10.78
Micronesia (Federated States of),2013,10.79
Samoa,2013,10.81
Papua New Guinea,2013,10.87
Mauritius,2013,10.87
Tonga,2013,10.88
Kiribati,2013,10.9
Kiribati,2013,10.98
Malta,2013,10.99
Denmark,2013,11.02
Spain,2013,11.04
Fiji,2013,11.08
Samoa,2013,11.12
Kiribati,2013,11.19
Maldives,2013,11.24
Japan,2013,11.27
France,2013,11.3
Vanuatu,2013,11.36
Luxembourg,2013,11.5
Andorra,2013,11.51
Solomon Islands,2013,11.52
Russian Federation,2013,11.61
Germany,2013,11.62
United Kingdom of Great Britain and Northern Ireland,2013,11.64
Maldives,2013,11.67
Luxembourg,2013,11.71
Mauritius,2013,11.72
Lithuania,2013,11.74
United Kingdom of Great Britain and Northern Ireland,2013,11.77
Switzerland,2013,11.89
Netherlands,2013,11.92
Latvia,2013,11.94
Argentina,2013,12.11
Switzerland,2013,12.13
Papua New Guinea,2013,12.13
Italy,2013,12.14
Austria,2013,12.22
Seychelles,2013,12.32
Argentina,2013,12.4
Seychelles,2013,12.48
Seychelles,2013,12.48
Brazil,2013,12.51
Malaysia,2013,12.66
Lithuania,2013,12.67
Maldives,2013,12.71
Singapore,2013,12.83
Paraguay,2013,12.99
Germany,2013,13.0
Paraguay,2013,13.07
Paraguay,2013,13.12
Greece,2013,13.12
Netherlands,2013,13.14
Netherlands,2013,13.2
Argentina,2013,13.21
Russian Federation,2013,13.24
Brazil,2013,13.27
Germany,2013,13.27
Japan,2013,13.3
Brazil,2013,13.4
France,2013,13.43
Monaco,2013,13.59
Monaco,2013,13.59
Japan,2013,13.63
Dominican Republic,2013,13.73
Lithuania,2013,13.84
Jamaica,2013,13.96
Austria,2013,13.98
Belgium,2013,14.12
Romania,2013,14.19
Belgium,2013,14.22
France,2013,14.3
Singapore,2013,14.31
Singapore,2013,14.31
Bahamas,2013,14.5
Comoros,2013,14.51
Comoros,2013,14.56
Latvia,2013,14.59
Ukraine,2013,14.67
Comoros,2013,14.7
Cyprus,2013,14.73
Jamaica,2013,14.75
Austria,2013,14.85
Republic of Moldova,2013,14.89
Indonesia,2013,14.9
Jamaica,2013,15.23
Malta,2013,15.26
Malaysia,2013,15.27
Malta,2013,15.28
Panama,2013,15.34
Romania,2013,15.46
Panama,2013,15.6
Antigua and Barbuda,2013,15.71
Republic of Moldova,2013,15.77
Czechia,2013,15.77
Greece,2013,15.81
Haiti,2013,15.82
Timor-Leste,2013,15.84
Hungary,2013,15.95
Dominican Republic,2013,15.97
Kazakhstan,2013,16.02
Malaysia,2013,16.05
Ukraine,2013,16.1
Timor-Leste,2013,16.17
Panama,2013,16.24
Republic of Moldova,2013,16.36
Dominican Republic,2013,16.47
Romania,2013,16.52
Cuba,2013,16.57
Bahamas,2013,16.58
Indonesia,2013,16.61
Cyprus,2013,16.75
Greece,2013,16.84
Italy,2013,16.89
Slovenia,2013,16.93
Madagascar,2013,16.94
Latvia,2013,16.97
Belarus,2013,17.01
Turkmenistan,2013,17.04
Ukraine,2013,17.17
Haiti,2013,17.19
Hungary,2013,17.23
Madagascar,2013,17.27
Czechia,2013,17.33
Italy,2013,17.39
Kazakhstan,2013,17.64
Georgia,2013,17.66
Croatia,2013,17.71
Madagascar,2013,17.72
Cyprus,2013,17.75
Czechia,2013,17.8
Bahamas,2013,17.85
Timor-Leste,2013,17.86
Dominica,2013,17.89
Hungary,2013,17.91
Slovenia,2013,18.05
Indonesia,2013,18.23
Slovakia,2013,18.35
Saint Lucia,2013,18.38
Turkmenistan,2013,18.55
Azerbaijan,2013,18.58
Slovenia,2013,18.66
Philippines,2013,18.8
Croatia,2013,18.87
Colombia,2013,19.0
Ecuador,2013,19.03
Albania,2013,19.08
Ecuador,2013,19.09
Ecuador,2013,19.13
Belarus,2013,19.25
Croatia,2013,19.38
Haiti,2013,19.39
Cuba,2013,19.47
Bulgaria,2013,19.49
Slovakia,2013,19.52
Costa Rica,2013,19.63
Somalia,2013,19.65
Costa Rica,2013,19.67
Colombia,2013,19.68
Saint Vincent and the Grenadines,2013,19.82
Costa Rica,2013,19.83
Dominica,2013,19.83
Chile,2013,19.9
Albania,2013,19.91
Viet Nam,2013,19.93
Namibia,2013,20.04
Slovakia,2013,20.05
Antigua and Barbuda,2013,20.14
Israel,2013,20.16
Suriname,2013,20.16
Poland,2013,20.31
Colombia,2013,20.34
Grenada,2013,20.41
Lao People's Democratic Republic,2013,20.43
Antigua and Barbuda,2013,20.43
Kyrgyzstan,2013,20.54
Dominica,2013,20.74
Belize,2013,20.77
Bulgaria,2013,20.8
Azerbaijan,2013,20.82
Guyana,2013,20.98
Belize,2013,21.02
Belize,2013,21.05
Eswatini,2013,21.06
Sri Lanka,2013,21.09
Mozambique,2013,21.1
Somalia,2013,21.22
Albania,2013,21.35
Belarus,2013,21.4
Israel,2013,21.4
Lao People's Democratic Republic,2013,21.48
Venezuela (Bolivarian Republic of),2013,21.49
Israel,2013,21.5
Montenegro,2013,21.53
Venezuela (Bolivarian Republic of),2013,21.63
Somalia,2013,21.67
Eswatini,2013,21.68
Venezuela (Bolivarian Republic of),2013,21.81
Philippines,2013,21.81
Sri Lanka,2013,21.84
Eswatini,2013,21.85
Mozambique,2013,22.08
South Africa,2013,22.08
Trinidad and Tobago,2013,22.15
Georgia,2013,22.22
Grenada,2013,22.28
Saint Vincent and the Grenadines,2013,22.29
Sri Lanka,2013,22.57
Saint Lucia,2013,22.7
Saint Vincent and the Grenadines,2013,22.72
Saint Lucia,2013,22.72
Montenegro,2013,22.72
Mozambique,2013,22.73
Grenada,2013,22.78
Lao People's Democratic Republic,2013,22.86
Azerbaijan,2013,22.87
Botswana,2013,22.93
Barbados,2013,22.94
Cuba,2013,22.94
Guyana,2013,22.95
Trinidad and Tobago,2013,23.0
Poland,2013,23.05
Bulgaria,2013,23.14
Viet Nam,2013,23.23
Montenegro,2013,23.31
Nicaragua,2013,23.45
Chile,2013,23.5
Botswana,2013,23.58
Zimbabwe,2013,23.64
Botswana,2013,23.75
United Republic of Tanzania,2013,23.76
Kyrgyzstan,2013,23.82
Kenya,2013,23.89
Nicaragua,2013,23.97
Namibia,2013,24.0
Trinidad and Tobago,2013,24.07
South Africa,2013,24.09
Uzbekistan,2013,24.11
Poland,2013,24.13
Nicaragua,2013,24.36
Barbados,2013,24.51
Lesotho,2013,24.51
Mexico,2013,24.52
Philippines,2013,24.52
Lesotho,2013,24.61
Zimbabwe,2013,24.64
Malawi,2013,24.65
Mexico,2013,24.8
Mexico,2013,24.82
Barbados,2013,24.92
Zimbabwe,2013,25.12
Viet Nam,2013,25.12
Bolivia (Plurinational State of),2013,25.21
Lesotho,2013,25.3
Kazakhstan,2013,25.32
Morocco,2013,25.49
Cambodia,2013,25.52
Peru,2013,25.71
Republic of Korea,2013,25.84
Malawi,2013,25.87
Morocco,2013,25.87
Chile,2013,25.88
Serbia,2013,25.93
Kenya,2013,25.99
Cambodia,2013,26.04
Malawi,2013,26.06
Bolivia (Plurinational State of),2013,26.23
Morocco,2013,26.23
Armenia,2013,26.24
Suriname,2013,26.38
Guyana,2013,26.51
Kenya,2013,26.66
Republic of Korea,2013,26.74
South Africa,2013,26.79
Republic of Korea,2013,26.85
Serbia,2013,26.88
Georgia,2013,27.03
United Republic of Tanzania,2013,27.13
Serbia,2013,27.2
Bosnia and Herzegovina,2013,27.43
Namibia,2013,27.71
Bolivia (Plurinational State of),2013,27.76
Kyrgyzstan,2013,28.0
United Republic of Tanzania,2013,28.27
Cambodia,2013,28.35
Uzbekistan,2013,28.48
Honduras,2013,28.51
Honduras,2013,28.53
Honduras,2013,28.55
The former Yugoslav Republic of Macedonia,2013,28.68
Ethiopia,2013,28.88
Zambia,2013,29.35
Suriname,2013,29.37
Peru,2013,29.42
Thailand,2013,29.53
Ethiopia,2013,29.57
Ethiopia,2013,29.85
Algeria,2013,30.26
Tunisia,2013,30.41
Lebanon,2013,30.8
Zambia,2013,30.82
Thailand,2013,30.93
Bosnia and Herzegovina,2013,30.99
Tunisia,2013,31.06
Algeria,2013,31.09
Zambia,2013,31.51
Mongolia,2013,31.81
Tajikistan,2013,31.82
Lebanon,2013,31.82
Lebanon,2013,31.83
El Salvador,2013,32.02
Peru,2013,32.03
El Salvador,2013,32.12
El Salvador,2013,32.24
The former Yugoslav Republic of Macedonia,2013,32.61
Tunisia,2013,32.71
South Sudan,2013,32.91
Thailand,2013,33.0
South Sudan,2013,33.08
South Sudan,2013,33.1
Guatemala,2013,33.55
Djibouti,2013,33.79
Guatemala,2013,33.81
Bosnia and Herzegovina,2013,33.82
Turkmenistan,2013,33.86
Djibouti,2013,33.87
Djibouti,2013,33.88
Iran (Islamic Republic of),2013,33.88
Uzbekistan,2013,33.99
Armenia,2013,34.03
Guatemala,2013,34.15
Algeria,2013,34.47
Iran (Islamic Republic of),2013,34.55
Jordan,2013,34.95
Tajikistan,2013,35.03
Eritrea,2013,35.04
Iran (Islamic Republic of),2013,35.07
Myanmar,2013,35.42
Jordan,2013,35.44
Myanmar,2013,35.46
Turkey,2013,35.46
Myanmar,2013,35.68
Benin,2013,35.94
Syrian Arab Republic,2013,35.99
Turkey,2013,36.07
Sao Tome and Principe,2013,36.48
Sao Tome and Principe,2013,36.54
Bhutan,2013,36.55
Burundi,2013,36.67
Equatorial Guinea,2013,36.75
Sao Tome and Principe,2013,36.85
Burundi,2013,36.91
The former Yugoslav Republic of Macedonia,2013,36.91
Equatorial Guinea,2013,36.93
Eritrea,2013,37.06
Turkey,2013,37.06
Bhutan,2013,37.19
Bhutan,2013,37.31
Gabon,2013,37.32
Burundi,2013,37.39
Syrian Arab Republic,2013,37.73
Eritrea,2013,37.87
Benin,2013,37.91
Uganda,2013,38.13
Equatorial Guinea,2013,38.17
Gabon,2013,38.19
Rwanda,2013,38.33
Rwanda,2013,38.58
Uganda,2013,38.61
Rwanda,2013,38.67
Gabon,2013,38.75
Angola,2013,39.19
Angola,2013,39.63
Benin,2013,39.65
Jordan,2013,39.67
Togo,2013,39.93
Mongolia,2013,40.14
Uganda,2013,40.49
Togo,2013,40.69
Sudan,2013,40.76
Angola,2013,40.77
Sudan,2013,40.85
Sudan,2013,40.88
Oman,2013,40.9
Togo,2013,41.91
Congo,2013,41.97
Central African Republic,2013,42.06
Democratic People's Republic of Korea,2013,42.09
Central African Republic,2013,42.13
Central African Republic,2013,42.14
Yemen,2013,42.68
United Arab Emirates,2013,42.77
Democratic Republic of the Congo,2013,43.02
Oman,2013,43.06
Liberia,2013,43.23
Democratic Republic of the Congo,2013,43.56
Liberia,2013,43.78
Nigeria,2013,43.91
Congo,2013,43.98
Yemen,2013,44.0
Liberia,2013,44.37
Burkina Faso,2013,44.4
Democratic Republic of the Congo,2013,44.49
Yemen,2013,44.67
Oman,2013,44.81
Democratic People's Republic of Korea,2013,45.09
Libya,2013,45.13
Ghana,2013,45.18
Burkina Faso,2013,45.24
Sierra Leone,2013,45.38
United Arab Emirates,2013,45.38
Burkina Faso,2013,45.41
Guinea,2013,45.59
Guinea,2013,45.92
Armenia,2013,45.93
Congo,2013,45.96
Sierra Leone,2013,45.99
Democratic People's Republic of Korea,2013,46.16
United Arab Emirates,2013,46.19
Syrian Arab Republic,2013,46.24
Guinea,2013,46.58
Tajikistan,2013,46.82
Sierra Leone,2013,47.4
Ghana,2013,48.12
Côte d’Ivoire,2013,48.14
Libya,2013,48.19
Guinea-Bissau,2013,48.65
Libya,2013,49.27
Guinea-Bissau,2013,49.28
Côte d’Ivoire,2013,49.46
Ghana,2013,49.48
Guinea-Bissau,2013,49.96
Sweden,2013,5.51
Finland,2013,5.82
Canada,2013,5.93
China,2013,50.74
Côte d’Ivoire,2013,50.82
Gambia,2013,52.41
Afghanistan,2013,52.66
Nigeria,2013,52.93
Mali,2013,53.55
Gambia,2013,53.57
Pakistan,2013,53.84
Mali,2013,54.02
Mali,2013,54.33
Gambia,2013,54.38
China,2013,54.84
Afghanistan,2013,54.89
Senegal,2013,55.4
Senegal,2013,56.0
Pakistan,2013,56.07
Senegal,2013,56.53
Chad,2013,56.6
Chad,2013,57.1
Bangladesh,2013,57.19
Cameroon,2013,57.32
Cameroon,2013,57.72
Iraq,2013,57.75
Cameroon,2013,58.18
Mongolia,2013,58.27
China,2013,58.64
India,2013,58.83
Chad,2013,59.34
Pakistan,2013,59.37
Nigeria,2013,59.39
Iraq,2013,59.4
Sweden,2013,6.1
Finland,2013,6.27
Australia,2013,6.39
Sweden,2013,6.42
New Zealand,2013,6.51
Iceland,2013,6.76
Iceland,2013,6.76
Iceland,2013,6.76
Estonia,2013,6.81
New Zealand,2013,6.84
New Zealand,2013,6.92
Norway,2013,6.96
Cabo Verde,2013,60.62
Iraq,2013,60.69
Cabo Verde,2013,60.98
Bangladesh,2013,61.1
Kuwait,2013,61.74
Cabo Verde,2013,61.79
Bangladesh,2013,62.39
Saudi Arabia,2013,62.95
Afghanistan,2013,62.99
Saudi Arabia,2013,64.67
Mauritania,2013,65.43
Egypt,2013,65.54
India,2013,65.93
Bahrain,2013,66.54
Bahrain,2013,66.56
Bahrain,2013,66.58
Niger,2013,67.08
Kuwait,2013,67.82
Mauritania,2013,68.62
Saudi Arabia,2013,68.96
Nauru,2013,7.03
Nauru,2013,7.03
Finland,2013,7.03
Tuvalu,2013,7.2
Tuvalu,2013,7.2
Brunei Darussalam,2013,7.26
Brunei Darussalam,2013,7.32
Australia,2013,7.35
Palau,2013,7.37
Palau,2013,7.46
Palau,2013,7.5
Australia,2013,7.5
United States of America,2013,7.5
Cook Islands,2013,7.57
Cook Islands,2013,7.57
Estonia,2013,7.57
Canada,2013,7.63
Norway,2013,7.65
Brunei Darussalam,2013,7.7
Niue,2013,7.91
Niue,2013,7.91
Estonia,2013,7.96
Canada,2013,7.97
Kuwait,2013,70.13
Niger,2013,70.28
Niger,2013,70.81
Egypt,2013,71.11
Nepal,2013,71.21
Egypt,2013,71.82
Mauritania,2013,72.88
Nepal,2013,73.94
India,2013,74.19
Nepal,2013,79.85
Nauru,2013,8.33
Saint Kitts and Nevis,2013,8.45
Saint Kitts and Nevis,2013,8.5
Ireland,2013,8.53
Saint Kitts and Nevis,2013,8.56
Norway,2013,8.56
United States of America,2013,8.58
San Marino,2013,8.66
San Marino,2013,8.66
Portugal,2013,8.73
United States of America,2013,8.83
Qatar,2013,80.51
Qatar,2013,87.68
Qatar,2013,88.81
Portugal,2013,9.2
United Kingdom of Great Britain and Northern Ireland,2013,9.22
Spain,2013,9.32
Ireland,2013,9.35
Uruguay,2013,9.6
Russian Federation,2013,9.6
Andorra,2013,9.62
Mauritius,2013,9.77
Switzerland,2013,9.77
Luxembourg,2013,9.79
Uruguay,2013,9.86
Uruguay,2013,9.88
Ireland,2013,9.88
Denmark,2013,9.95
Marshall Islands,2012,10.13
Marshall Islands,2012,10.13
Switzerland,2012,10.24
Denmark,2012,10.31
Samoa,2012,10.32
Micronesia (Federated States of),2012,10.35
Mauritius,2012,10.36
Fiji,2012,10.43
Micronesia (Federated States of),2012,10.44
Vanuatu,2012,10.49
Samoa,2012,10.5
Tonga,2012,10.51
Micronesia (Federated States of),2012,10.53
Solomon Islands,2012,10.54
Belgium,2012,10.64
Solomon Islands,2012,10.66
Vanuatu,2012,10.69
Tonga,2012,10.74
Samoa,2012,10.75
Kiribati,2012,10.81
Fiji,2012,10.85
Kiribati,2012,10.89
Japan,2012,10.9
Tonga,2012,10.93
Andorra,2012,11.0
Spain,2012,11.0
Denmark,2012,11.08
Argentina,2012,11.17
Mauritius,2012,11.2
Russian Federation,2012,11.21
Malta,2012,11.24
Fiji,2012,11.24
Kiribati,2012,11.26
Papua New Guinea,2012,11.26
Papua New Guinea,2012,11.34
Denmark,2012,11.36
Spain,2012,11.38
Vanuatu,2012,11.39
Argentina,2012,11.42
France,2012,11.46
Maldives,2012,11.46
Luxembourg,2012,11.67
Lithuania,2012,11.68
Maldives,2012,11.79
Latvia,2012,11.8
United Kingdom of Great Britain and Northern Ireland,2012,11.83
Luxembourg,2012,11.87
Andorra,2012,11.92
Germany,2012,11.94
Solomon Islands,2012,11.94
United Kingdom of Great Britain and Northern Ireland,2012,11.96
Argentina,2012,12.14
Switzerland,2012,12.38
Austria,2012,12.47
Papua New Guinea,2012,12.48
Netherlands,2012,12.54
Lithuania,2012,12.6
Switzerland,2012,12.64
Maldives,2012,12.65
Italy,2012,12.68
Japan,2012,12.76
Russian Federation,2012,12.85
Japan,2012,13.06
Brazil,2012,13.32
Germany,2012,13.38
Seychelles,2012,13.58
Seychelles,2012,13.63
Germany,2012,13.66
France,2012,13.68
Lithuania,2012,13.75
Dominican Republic,2012,13.77
Seychelles,2012,13.8
Netherlands,2012,13.85
Netherlands,2012,13.91
Greece,2012,13.92
Malaysia,2012,13.99
Monaco,2012,14.03
Monaco,2012,14.03
Singapore,2012,14.07
Brazil,2012,14.1
Jamaica,2012,14.12
Brazil,2012,14.24
Paraguay,2012,14.25
Austria,2012,14.26
Paraguay,2012,14.31
Paraguay,2012,14.34
Latvia,2012,14.49
Bahamas,2012,14.51
Ukraine,2012,14.52
France,2012,14.58
Comoros,2012,14.64
Comoros,2012,14.65
Comoros,2012,14.67
Belgium,2012,14.73
Belgium,2012,14.84
Jamaica,2012,14.88
Romania,2012,14.88
Republic of Moldova,2012,14.98
Panama,2012,15.09
Austria,2012,15.16
Madagascar,2012,15.21
Madagascar,2012,15.28
Panama,2012,15.31
Jamaica,2012,15.36
Madagascar,2012,15.37
Singapore,2012,15.45
Singapore,2012,15.45
Indonesia,2012,15.51
Cyprus,2012,15.52
Antigua and Barbuda,2012,15.53
Malta,2012,15.59
Malta,2012,15.6
Haiti,2012,15.82
Republic of Moldova,2012,15.87
Ukraine,2012,15.9
Panama,2012,15.93
Dominican Republic,2012,16.02
Czechia,2012,16.06
Bahamas,2012,16.08
Romania,2012,16.25
Timor-Leste,2012,16.25
Malaysia,2012,16.38
Hungary,2012,16.43
Republic of Moldova,2012,16.54
Dominican Republic,2012,16.54
Cuba,2012,16.62
Timor-Leste,2012,16.68
Kazakhstan,2012,16.76
Indonesia,2012,16.83
Latvia,2012,16.83
Belarus,2012,16.88
Greece,2012,16.92
Ukraine,2012,16.95
Slovenia,2012,16.95
Malaysia,2012,17.08
Haiti,2012,17.31
Bahamas,2012,17.35
Romania,2012,17.43
Italy,2012,17.6
Hungary,2012,17.61
Cyprus,2012,17.64
Czechia,2012,17.75
Greece,2012,18.03
Dominica,2012,18.03
Croatia,2012,18.05
Slovenia,2012,18.06
Turkmenistan,2012,18.07
Italy,2012,18.13
Timor-Leste,2012,18.16
Indonesia,2012,18.18
Hungary,2012,18.24
Czechia,2012,18.24
Kazakhstan,2012,18.43
Chile,2012,18.55
Slovakia,2012,18.58
Slovenia,2012,18.65
Cyprus,2012,18.68
Saint Lucia,2012,18.78
Colombia,2012,18.82
Georgia,2012,18.99
Belarus,2012,19.05
Philippines,2012,19.06
Namibia,2012,19.12
Croatia,2012,19.16
Haiti,2012,19.23
Cuba,2012,19.38
Costa Rica,2012,19.41
Viet Nam,2012,19.44
Colombia,2012,19.46
Costa Rica,2012,19.46
Costa Rica,2012,19.63
Croatia,2012,19.63
Turkmenistan,2012,19.66
Lao People's Democratic Republic,2012,19.67
Saint Vincent and the Grenadines,2012,19.68
Azerbaijan,2012,19.77
Slovakia,2012,19.78
Eswatini,2012,19.89
Albania,2012,19.9
Ecuador,2012,19.92
Dominica,2012,20.05
Ecuador,2012,20.07
Colombia,2012,20.09
Ecuador,2012,20.17
Eswatini,2012,20.26
Grenada,2012,20.3
Belize,2012,20.31
Slovakia,2012,20.32
Eswatini,2012,20.37
Antigua and Barbuda,2012,20.37
Suriname,2012,20.39
Belize,2012,20.44
Antigua and Barbuda,2012,20.44
Belize,2012,20.46
Lao People's Democratic Republic,2012,20.66
Dominica,2012,20.73
South Africa,2012,20.77
Israel,2012,20.77
Albania,2012,20.82
Sri Lanka,2012,20.87
Guyana,2012,20.87
Bulgaria,2012,20.97
Mozambique,2012,21.1
Belarus,2012,21.21
Poland,2012,21.45
Venezuela (Bolivarian Republic of),2012,21.46
Trinidad and Tobago,2012,21.6
Venezuela (Bolivarian Republic of),2012,21.61
Sri Lanka,2012,21.63
Kyrgyzstan,2012,21.75
Venezuela (Bolivarian Republic of),2012,21.8
Chile,2012,21.88
Philippines,2012,21.89
Israel,2012,21.94
Lao People's Democratic Republic,2012,21.95
Israel,2012,22.01
Azerbaijan,2012,22.17
Mozambique,2012,22.21
Grenada,2012,22.27
Saint Vincent and the Grenadines,2012,22.33
Bulgaria,2012,22.35
Albania,2012,22.36
Somalia,2012,22.4
Sri Lanka,2012,22.4
Trinidad and Tobago,2012,22.49
Viet Nam,2012,22.57
Grenada,2012,22.6
Namibia,2012,22.62
Guyana,2012,22.66
Saint Vincent and the Grenadines,2012,22.68
Lesotho,2012,22.72
Saint Lucia,2012,22.75
Lesotho,2012,22.83
Saint Lucia,2012,22.85
South Africa,2012,22.91
Morocco,2012,22.93
Montenegro,2012,22.93
Barbados,2012,22.96
Cuba,2012,22.98
Mozambique,2012,22.98
Morocco,2012,23.03
Nicaragua,2012,23.13
Morocco,2012,23.17
Somalia,2012,23.32
Lesotho,2012,23.51
Somalia,2012,23.55
Trinidad and Tobago,2012,23.57
Nicaragua,2012,23.62
Botswana,2012,23.65
Botswana,2012,23.68
Georgia,2012,23.7
Botswana,2012,23.8
Mexico,2012,23.8
Nicaragua,2012,23.97
Mexico,2012,24.08
Chile,2012,24.09
Mexico,2012,24.11
Montenegro,2012,24.27
Republic of Korea,2012,24.31
Poland,2012,24.33
Azerbaijan,2012,24.38
Kenya,2012,24.4
Viet Nam,2012,24.51
United Republic of Tanzania,2012,24.53
Barbados,2012,24.55
Zimbabwe,2012,24.62
Philippines,2012,24.63
Bulgaria,2012,24.77
Montenegro,2012,24.94
Republic of Korea,2012,24.94
Barbados,2012,24.99
Republic of Korea,2012,25.03
Zimbabwe,2012,25.22
Kyrgyzstan,2012,25.29
Cambodia,2012,25.3
Bolivia (Plurinational State of),2012,25.35
Poland,2012,25.48
Zimbabwe,2012,25.52
Uzbekistan,2012,25.59
Guyana,2012,25.78
Cambodia,2012,25.83
Namibia,2012,25.85
South Africa,2012,26.07
Bolivia (Plurinational State of),2012,26.29
Peru,2012,26.3
Suriname,2012,26.41
Kazakhstan,2012,26.64
Kenya,2012,26.8
Tunisia,2012,26.99
United Republic of Tanzania,2012,27.02
Tunisia,2012,27.33
Malawi,2012,27.46
Honduras,2012,27.46
Honduras,2012,27.51
Honduras,2012,27.54
Kenya,2012,27.55
Bolivia (Plurinational State of),2012,27.6
Serbia,2012,27.65
United Republic of Tanzania,2012,27.83
Tunisia,2012,28.09
Armenia,2012,28.29
Cambodia,2012,28.32
Thailand,2012,28.52
Malawi,2012,28.55
Bosnia and Herzegovina,2012,28.65
Serbia,2012,28.67
Malawi,2012,28.76
Georgia,2012,28.78
Serbia,2012,29.02
Suriname,2012,29.28
Zambia,2012,29.56
Lebanon,2012,29.6
Ethiopia,2012,29.68
Algeria,2012,29.69
Kyrgyzstan,2012,29.73
Thailand,2012,29.88
Peru,2012,30.01
Algeria,2012,30.21
Uzbekistan,2012,30.27
Ethiopia,2012,30.32
Lebanon,2012,30.32
Lebanon,2012,30.33
Sao Tome and Principe,2012,30.39
Sao Tome and Principe,2012,30.57
Ethiopia,2012,30.57
Zambia,2012,30.65
Sao Tome and Principe,2012,30.78
The former Yugoslav Republic of Macedonia,2012,30.79
El Salvador,2012,30.88
El Salvador,2012,30.91
El Salvador,2012,30.97
Zambia,2012,31.21
Thailand,2012,31.98
Algeria,2012,32.05
Guatemala,2012,32.23
Guatemala,2012,32.47
Jordan,2012,32.47
Bosnia and Herzegovina,2012,32.49
Peru,2012,32.56
Myanmar,2012,32.73
Guatemala,2012,32.8
Myanmar,2012,32.86
Jordan,2012,33.01
Mongolia,2012,33.08
Eritrea,2012,33.27
South Sudan,2012,33.29
Myanmar,2012,33.45
Djibouti,2012,33.47
South Sudan,2012,33.52
South Sudan,2012,33.55
Djibouti,2012,33.56
Djibouti,2012,33.56
Tajikistan,2012,34.02
Benin,2012,34.18
Iran (Islamic Republic of),2012,34.34
Iran (Islamic Republic of),2012,34.72
Syrian Arab Republic,2012,34.81
Bhutan,2012,34.9
Eritrea,2012,34.93
Angola,2012,35.0
Iran (Islamic Republic of),2012,35.01
The former Yugoslav Republic of Macedonia,2012,35.1
Bosnia and Herzegovina,2012,35.45
Eritrea,2012,35.55
Bhutan,2012,35.66
Angola,2012,35.69
Bhutan,2012,35.79
Turkey,2012,35.9
Burundi,2012,35.96
Angola,2012,36.01
Turkmenistan,2012,36.02
Benin,2012,36.05
Burundi,2012,36.11
Uzbekistan,2012,36.15
Turkey,2012,36.29
Gabon,2012,36.45
Syrian Arab Republic,2012,36.52
Burundi,2012,36.53
Armenia,2012,36.63
Turkey,2012,36.93
Gabon,2012,37.09
Tajikistan,2012,37.37
Gabon,2012,37.55
Libya,2012,37.63
Benin,2012,37.71
Equatorial Guinea,2012,38.31
Equatorial Guinea,2012,38.4
Togo,2012,38.48
Rwanda,2012,38.63
Democratic People's Republic of Korea,2012,38.74
Rwanda,2012,38.92
Rwanda,2012,39.01
Equatorial Guinea,2012,39.06
Jordan,2012,39.08
Togo,2012,39.2
Uganda,2012,39.48
The former Yugoslav Republic of Macedonia,2012,39.99
Uganda,2012,40.03
Sudan,2012,40.25
Sudan,2012,40.29
Sudan,2012,40.39
Libya,2012,40.39
Togo,2012,40.59
Congo,2012,40.63
Central African Republic,2012,41.3
Democratic Republic of the Congo,2012,41.37
Democratic People's Republic of Korea,2012,41.44
Central African Republic,2012,41.46
Central African Republic,2012,41.52
Libya,2012,41.56
Oman,2012,41.6
Congo,2012,41.7
Mongolia,2012,41.7
United Arab Emirates,2012,41.81
Democratic Republic of the Congo,2012,41.98
Uganda,2012,42.1
Democratic People's Republic of Korea,2012,42.4
Congo,2012,42.84
Democratic Republic of the Congo,2012,43.01
Yemen,2012,43.33
Oman,2012,43.43
Nigeria,2012,43.73
Liberia,2012,44.05
Syrian Arab Republic,2012,44.08
Ghana,2012,44.26
United Arab Emirates,2012,44.35
Liberia,2012,44.5
Yemen,2012,44.61
Oman,2012,44.86
Liberia,2012,44.98
United Arab Emirates,2012,45.23
Yemen,2012,45.3
Guinea,2012,46.14
Sierra Leone,2012,46.47
Ghana,2012,46.58
Côte d’Ivoire,2012,46.61
Guinea,2012,46.78
Sierra Leone,2012,47.35
China,2012,47.54
Ghana,2012,47.59
Guinea-Bissau,2012,47.65
Côte d’Ivoire,2012,47.66
Guinea-Bissau,2012,48.16
Guinea,2012,48.2
Burkina Faso,2012,48.27
Guinea-Bissau,2012,48.78
Côte d’Ivoire,2012,48.82
Sierra Leone,2012,49.03
Burkina Faso,2012,49.53
Armenia,2012,49.53
Tajikistan,2012,49.71
Burkina Faso,2012,49.81
Sweden,2012,5.72
China,2012,50.64
Afghanistan,2012,52.37
Pakistan,2012,52.46
Gambia,2012,53.27
China,2012,53.53
Nigeria,2012,54.09
Pakistan,2012,54.37
Gambia,2012,54.49
Afghanistan,2012,54.67
Gambia,2012,55.21
India,2012,56.17
Iraq,2012,56.49
Kuwait,2012,56.57
Senegal,2012,56.59
Senegal,2012,56.92
Bangladesh,2012,56.99
Senegal,2012,57.21
Pakistan,2012,57.33
Chad,2012,57.68
Cameroon,2012,57.98
Chad,2012,58.46
Iraq,2012,58.65
Mali,2012,58.84
Cameroon,2012,58.97
Mali,2012,59.39
Mali,2012,59.77
Cameroon,2012,59.94
Finland,2012,6.19
Canada,2012,6.27
Sweden,2012,6.3
New Zealand,2012,6.53
Sweden,2012,6.61
Australia,2012,6.63
Finland,2012,6.66
Estonia,2012,6.78
New Zealand,2012,6.87
Iceland,2012,6.91
Iceland,2012,6.91
Iceland,2012,6.91
New Zealand,2012,6.95
Iraq,2012,60.41
Bangladesh,2012,60.54
Egypt,2012,60.59
Bahrain,2012,61.46
Mongolia,2012,61.48
Bangladesh,2012,61.7
Saudi Arabia,2012,62.03
Nigeria,2012,62.09
Chad,2012,62.11
Bahrain,2012,62.6
Bahrain,2012,62.61
India,2012,62.68
Kuwait,2012,62.92
Saudi Arabia,2012,63.34
Afghanistan,2012,63.35
Cabo Verde,2012,64.2
Cabo Verde,2012,64.29
Cabo Verde,2012,64.67
Egypt,2012,65.27
Kuwait,2012,65.39
Egypt,2012,65.86
Saudi Arabia,2012,66.78
Nepal,2012,67.41
Nepal,2012,69.52
Mauritania,2012,69.54
Nauru,2012,7.13
Nauru,2012,7.13
Norway,2012,7.22
Tuvalu,2012,7.42
Tuvalu,2012,7.42
Finland,2012,7.46
Palau,2012,7.49
Estonia,2012,7.54
Australia,2012,7.6
Palau,2012,7.64
Palau,2012,7.7
Australia,2012,7.76
Cook Islands,2012,7.78
Cook Islands,2012,7.78
United States of America,2012,7.8
Brunei Darussalam,2012,7.85
Brunei Darussalam,2012,7.93
Estonia,2012,7.94
Norway,2012,7.94
India,2012,70.18
Mauritania,2012,71.57
Qatar,2012,73.49
Mauritania,2012,73.66
Nepal,2012,74.53
Niger,2012,75.78
Niger,2012,78.54
Niger,2012,79.04
Niue,2012,8.01
Niue,2012,8.01
Canada,2012,8.13
Brunei Darussalam,2012,8.33
Canada,2012,8.51
Nauru,2012,8.54
Saint Kitts and Nevis,2012,8.61
Ireland,2012,8.61
Saint Kitts and Nevis,2012,8.64
Saint Kitts and Nevis,2012,8.69
Portugal,2012,8.71
San Marino,2012,8.89
San Marino,2012,8.89
Norway,2012,8.89
Uruguay,2012,8.92
United States of America,2012,8.94
Qatar,2012,81.72
Qatar,2012,82.66
Portugal,2012,9.14
Uruguay,2012,9.17
Uruguay,2012,9.19
United States of America,2012,9.2
Russian Federation,2012,9.27
United Kingdom of Great Britain and Northern Ireland,2012,9.4
Mauritius,2012,9.41
Ireland,2012,9.44
Spain,2012,9.59
Luxembourg,2012,9.94
Portugal,2012,9.95
Andorra,2012,9.96
Ireland,2012,9.99
Marshall Islands,2011,10.09
Marshall Islands,2011,10.09
Portugal,2011,10.19
Norway,2011,10.21
Micronesia (Federated States of),2011,10.28
Tonga,2011,10.32
Fiji,2011,10.37
Vanuatu,2011,10.38
Micronesia (Federated States of),2011,10.41
United Kingdom of Great Britain and Northern Ireland,2011,10.44
Solomon Islands,2011,10.45
Samoa,2011,10.46
Ireland,2011,10.46
Tonga,2011,10.48
Mauritius,2011,10.52
Solomon Islands,2011,10.54
Spain,2011,10.55
Papua New Guinea,2011,10.55
Vanuatu,2011,10.58
Micronesia (Federated States of),2011,10.61
Samoa,2011,10.62
Papua New Guinea,2011,10.65
Japan,2011,10.76
Samoa,2011,10.77
Kiribati,2011,10.77
Maldives,2011,10.79
Fiji,2011,10.81
Kiribati,2011,10.85
Tonga,2011,10.89
Andorra,2011,10.99
Ireland,2011,11.08
Kiribati,2011,11.09
Luxembourg,2011,11.11
Fiji,2011,11.14
Portugal,2011,11.15
Switzerland,2011,11.22
Maldives,2011,11.24
Vanuatu,2011,11.29
Russian Federation,2011,11.33
Argentina,2011,11.35
Solomon Islands,2011,11.35
Argentina,2011,11.64
Belgium,2011,11.75
Lithuania,2011,11.91
Malaysia,2011,11.94
Papua New Guinea,2011,11.98
Denmark,2011,12.0
Singapore,2011,12.02
Latvia,2011,12.03
Spain,2011,12.11
Maldives,2011,12.16
Andorra,2011,12.18
Malta,2011,12.38
Argentina,2011,12.44
Spain,2011,12.53
Japan,2011,12.58
France,2011,12.71
Lithuania,2011,12.85
Japan,2011,12.89
Russian Federation,2011,12.94
Denmark,2011,12.96
Luxembourg,2011,13.04
Andorra,2011,13.18
United Kingdom of Great Britain and Northern Ireland,2011,13.19
Luxembourg,2011,13.27
Denmark,2011,13.31
United Kingdom of Great Britain and Northern Ireland,2011,13.34
Singapore,2011,13.35
Singapore,2011,13.35
Germany,2011,13.47
Switzerland,2011,13.58
Dominican Republic,2011,13.7
Jamaica,2011,13.77
Indonesia,2011,13.77
Brazil,2011,13.79
Austria,2011,13.83
Switzerland,2011,13.86
Seychelles,2011,13.88
Seychelles,2011,13.93
Lithuania,2011,14.03
Italy,2011,14.06
Seychelles,2011,14.18
Netherlands,2011,14.19
Bahamas,2011,14.27
Malaysia,2011,14.32
Jamaica,2011,14.55
Comoros,2011,14.64
Comoros,2011,14.65
Comoros,2011,14.66
Paraguay,2011,14.69
Brazil,2011,14.74
Paraguay,2011,14.77
Latvia,2011,14.78
Paraguay,2011,14.82
Brazil,2011,14.92
Jamaica,2011,15.0
Germany,2011,15.03
Malaysia,2011,15.05
Indonesia,2011,15.1
Ukraine,2011,15.21
France,2011,15.21
Germany,2011,15.33
Greece,2011,15.44
Netherlands,2011,15.54
Timor-Leste,2011,15.55
Netherlands,2011,15.61
Republic of Moldova,2011,15.63
Antigua and Barbuda,2011,15.66
Austria,2011,15.86
Haiti,2011,15.86
Monaco,2011,15.9
Monaco,2011,15.9
Timor-Leste,2011,15.91
Madagascar,2011,15.98
Madagascar,2011,16.01
Dominican Republic,2011,16.03
Panama,2011,16.04
Madagascar,2011,16.04
Cuba,2011,16.12
Kazakhstan,2011,16.16
Bahamas,2011,16.18
France,2011,16.22
Belgium,2011,16.28
Panama,2011,16.29
Indonesia,2011,16.39
Cyprus,2011,16.41
Belgium,2011,16.41
Dominican Republic,2011,16.57
Republic of Moldova,2011,16.58
Ukraine,2011,16.69
Romania,2011,16.69
Austria,2011,16.87
Panama,2011,16.94
Malta,2011,17.2
Republic of Moldova,2011,17.21
Malta,2011,17.21
Latvia,2011,17.22
Philippines,2011,17.24
Belarus,2011,17.38
Turkmenistan,2011,17.42
Haiti,2011,17.42
Bahamas,2011,17.42
Czechia,2011,17.49
Timor-Leste,2011,17.53
Lao People's Democratic Republic,2011,17.64
Kazakhstan,2011,17.76
Ukraine,2011,17.82
Romania,2011,18.19
Dominica,2011,18.23
Ecuador,2011,18.28
Georgia,2011,18.31
Viet Nam,2011,18.32
Ecuador,2011,18.35
Ecuador,2011,18.39
Lao People's Democratic Republic,2011,18.43
Hungary,2011,18.53
Cyprus,2011,18.63
Greece,2011,18.77
Saint Lucia,2011,18.86
Cuba,2011,18.91
Turkmenistan,2011,18.94
Slovenia,2011,19.06
Chile,2011,19.16
Azerbaijan,2011,19.24
Czechia,2011,19.31
Suriname,2011,19.38
Lao People's Democratic Republic,2011,19.47
Romania,2011,19.49
Haiti,2011,19.55
Belarus,2011,19.57
Colombia,2011,19.6
Italy,2011,19.64
Cyprus,2011,19.73
Saint Vincent and the Grenadines,2011,19.79
Czechia,2011,19.85
Hungary,2011,19.88
Sri Lanka,2011,19.9
Greece,2011,19.94
Croatia,2011,20.04
Philippines,2011,20.05
Dominica,2011,20.09
Italy,2011,20.24
Slovenia,2011,20.25
Antigua and Barbuda,2011,20.27
Colombia,2011,20.32
Guyana,2011,20.34
Grenada,2011,20.36
Antigua and Barbuda,2011,20.45
Eswatini,2011,20.45
Sri Lanka,2011,20.59
Costa Rica,2011,20.6
Mozambique,2011,20.62
Hungary,2011,20.62
Costa Rica,2011,20.63
Belize,2011,20.67
Slovakia,2011,20.74
Costa Rica,2011,20.79
Belize,2011,20.84
Eswatini,2011,20.85
Belize,2011,20.86
Slovenia,2011,20.88
Dominica,2011,20.9
Eswatini,2011,20.96
Colombia,2011,20.96
Kyrgyzstan,2011,21.05
Viet Nam,2011,21.08
Sri Lanka,2011,21.31
Croatia,2011,21.33
Namibia,2011,21.39
Trinidad and Tobago,2011,21.46
South Africa,2011,21.48
Azerbaijan,2011,21.53
Mozambique,2011,21.53
Belarus,2011,21.75
Albania,2011,21.8
Croatia,2011,21.89
Slovakia,2011,22.03
Mozambique,2011,22.15
Guyana,2011,22.19
Saint Vincent and the Grenadines,2011,22.27
Trinidad and Tobago,2011,22.32
Israel,2011,22.33
Grenada,2011,22.47
Cuba,2011,22.5
Venezuela (Bolivarian Republic of),2011,22.59
Slovakia,2011,22.59
Saint Vincent and the Grenadines,2011,22.61
Chile,2011,22.64
Grenada,2011,22.67
Philippines,2011,22.68
Venezuela (Bolivarian Republic of),2011,22.71
Cambodia,2011,22.74
Albania,2011,22.77
Viet Nam,2011,22.79
Georgia,2011,22.82
Saint Lucia,2011,22.84
Saint Lucia,2011,22.87
Venezuela (Bolivarian Republic of),2011,22.87
Somalia,2011,22.89
Bulgaria,2011,23.05
Cambodia,2011,23.15
Barbados,2011,23.19
United Republic of Tanzania,2011,23.22
Poland,2011,23.27
Botswana,2011,23.33
Kenya,2011,23.35
Lesotho,2011,23.39
Israel,2011,23.46
Trinidad and Tobago,2011,23.48
Somalia,2011,23.48
Lesotho,2011,23.52
Botswana,2011,23.53
South Africa,2011,23.54
Israel,2011,23.55
Zimbabwe,2011,23.57
Botswana,2011,23.59
Somalia,2011,23.65
Azerbaijan,2011,23.68
Republic of Korea,2011,23.85
Morocco,2011,23.99
Morocco,2011,24.02
Morocco,2011,24.06
Bolivia (Plurinational State of),2011,24.13
Lesotho,2011,24.23
Kyrgyzstan,2011,24.41
Albania,2011,24.46
Republic of Korea,2011,24.47
Nicaragua,2011,24.48
Barbados,2011,24.55
Namibia,2011,24.55
Republic of Korea,2011,24.55
Bulgaria,2011,24.55
Zimbabwe,2011,24.58
Uzbekistan,2011,24.66
Peru,2011,24.81
Chile,2011,24.85
Montenegro,2011,24.94
Bolivia (Plurinational State of),2011,25.0
Suriname,2011,25.01
Guyana,2011,25.03
Zimbabwe,2011,25.05
Nicaragua,2011,25.05
Cambodia,2011,25.09
Barbados,2011,25.18
United Republic of Tanzania,2011,25.22
Nicaragua,2011,25.38
Thailand,2011,25.45
Mexico,2011,25.52
Malawi,2011,25.62
Kenya,2011,25.71
Kazakhstan,2011,25.78
United Republic of Tanzania,2011,25.85
Mexico,2011,25.86
Mexico,2011,25.9
Bolivia (Plurinational State of),2011,26.25
Montenegro,2011,26.33
Kenya,2011,26.45
Poland,2011,26.48
Thailand,2011,26.66
Malawi,2011,26.75
South Africa,2011,26.78
Malawi,2011,26.96
Armenia,2011,27.01
Montenegro,2011,27.08
Bulgaria,2011,27.32
Namibia,2011,27.55
Georgia,2011,27.61
Poland,2011,27.78
Suriname,2011,28.33
Peru,2011,28.41
Thailand,2011,28.63
Kyrgyzstan,2011,28.7
Tunisia,2011,28.79
Zambia,2011,28.97
Algeria,2011,29.01
Tunisia,2011,29.02
Uzbekistan,2011,29.14
Ethiopia,2011,29.28
Tunisia,2011,29.48
Algeria,2011,29.67
Lebanon,2011,29.71
Honduras,2011,29.75
Honduras,2011,29.78
Honduras,2011,29.81
Ethiopia,2011,29.88
Lebanon,2011,29.97
Lebanon,2011,29.97
Ethiopia,2011,30.11
Zambia,2011,30.14
Myanmar,2011,30.6
Myanmar,2011,30.62
Zambia,2011,30.69
Myanmar,2011,30.72
Serbia,2011,30.76
Peru,2011,30.9
Mongolia,2011,31.02
Bosnia and Herzegovina,2011,31.51
Bhutan,2011,31.85
Serbia,2011,31.98
Algeria,2011,32.1
Serbia,2011,32.39
Bhutan,2011,32.54
Bhutan,2011,32.67
Tajikistan,2011,32.95
Djibouti,2011,33.11
Jordan,2011,33.11
Djibouti,2011,33.22
El Salvador,2011,33.29
South Sudan,2011,33.36
Djibouti,2011,33.37
Eritrea,2011,33.43
El Salvador,2011,33.43
El Salvador,2011,33.54
Jordan,2011,33.61
South Sudan,2011,33.62
South Sudan,2011,33.66
The former Yugoslav Republic of Macedonia,2011,33.78
Iran (Islamic Republic of),2011,34.07
Turkey,2011,34.09
Burundi,2011,34.21
Syrian Arab Republic,2011,34.38
Turkey,2011,34.43
Burundi,2011,34.46
Guatemala,2011,34.52
Uzbekistan,2011,34.6
Iran (Islamic Republic of),2011,34.62
Turkmenistan,2011,34.75
Guatemala,2011,34.82
Burundi,2011,34.92
Turkey,2011,34.95
Armenia,2011,35.02
Iran (Islamic Republic of),2011,35.05
Eritrea,2011,35.15
Guatemala,2011,35.17
Sao Tome and Principe,2011,35.67
Eritrea,2011,35.8
Bosnia and Herzegovina,2011,35.83
Syrian Arab Republic,2011,35.99
Sao Tome and Principe,2011,36.02
Tajikistan,2011,36.16
Rwanda,2011,36.21
Sao Tome and Principe,2011,36.23
Rwanda,2011,36.36
Benin,2011,36.38
Rwanda,2011,36.41
Democratic People's Republic of Korea,2011,36.66
Angola,2011,36.71
Angola,2011,37.19
Angola,2011,37.33
Gabon,2011,37.41
Gabon,2011,37.5
Gabon,2011,37.55
Uganda,2011,37.65
Uganda,2011,38.12
Jordan,2011,38.12
The former Yugoslav Republic of Macedonia,2011,38.59
Benin,2011,38.68
Libya,2011,38.89
Democratic People's Republic of Korea,2011,39.13
Bosnia and Herzegovina,2011,39.22
Mongolia,2011,39.37
Equatorial Guinea,2011,39.39
Equatorial Guinea,2011,39.48
Sudan,2011,39.8
Uganda,2011,39.91
Democratic People's Republic of Korea,2011,40.02
Oman,2011,40.15
Sudan,2011,40.28
Equatorial Guinea,2011,40.3
Sudan,2011,40.45
Yemen,2011,40.6
Democratic Republic of the Congo,2011,40.69
United Arab Emirates,2011,40.69
Central African Republic,2011,40.73
Benin,2011,40.75
Congo,2011,40.8
Togo,2011,40.8
Central African Republic,2011,40.81
Central African Republic,2011,40.94
Democratic Republic of the Congo,2011,41.24
Libya,2011,41.31
Togo,2011,41.47
Oman,2011,41.69
Yemen,2011,41.96
Congo,2011,42.06
Democratic Republic of the Congo,2011,42.16
Libya,2011,42.28
Togo,2011,42.55
Yemen,2011,42.68
Oman,2011,42.97
Congo,2011,43.12
United Arab Emirates,2011,43.24
The former Yugoslav Republic of Macedonia,2011,44.04
United Arab Emirates,2011,44.1
Syrian Arab Republic,2011,44.34
China,2011,45.15
Nigeria,2011,45.38
Liberia,2011,46.68
Ghana,2011,46.77
Armenia,2011,47.18
Liberia,2011,47.38
Liberia,2011,48.07
Afghanistan,2011,48.3
China,2011,48.55
Tajikistan,2011,48.58
Sierra Leone,2011,49.16
Ghana,2011,49.16
Pakistan,2011,49.75
Sierra Leone,2011,49.86
Guinea,2011,50.1
Ghana,2011,50.22
Afghanistan,2011,50.3
Guinea,2011,50.3
Burkina Faso,2011,50.43
Guinea,2011,50.73
Bangladesh,2011,50.8
Guinea-Bissau,2011,50.83
Guinea-Bissau,2011,51.26
Sierra Leone,2011,51.36
Burkina Faso,2011,51.66
Pakistan,2011,51.67
Guinea-Bissau,2011,51.7
Côte d’Ivoire,2011,51.7
China,2011,51.74
Burkina Faso,2011,51.95
India,2011,52.21
Gambia,2011,52.51
Côte d’Ivoire,2011,52.84
Gambia,2011,53.65
Côte d’Ivoire,2011,53.93
Bangladesh,2011,54.17
Gambia,2011,54.41
Pakistan,2011,54.64
Bangladesh,2011,55.3
Chad,2011,55.39
Senegal,2011,55.49
Senegal,2011,55.76
Chad,2011,55.78
Nigeria,2011,55.82
Senegal,2011,55.98
Cameroon,2011,56.53
Cameroon,2011,57.0
Iraq,2011,57.3
Egypt,2011,57.45
Cameroon,2011,57.56
Chad,2011,57.63
Kuwait,2011,57.83
Afghanistan,2011,58.08
India,2011,58.26
Bahrain,2011,58.41
Mongolia,2011,58.8
Bahrain,2011,58.96
Bahrain,2011,58.98
Saudi Arabia,2011,59.82
Canada,2011,6.22
Australia,2011,6.29
New Zealand,2011,6.4
Sweden,2011,6.59
New Zealand,2011,6.74
New Zealand,2011,6.82
Nauru,2011,6.98
Nauru,2011,6.98
Estonia,2011,6.98
Finland,2011,6.99
Iraq,2011,60.05
Saudi Arabia,2011,60.65
Cabo Verde,2011,60.72
Cabo Verde,2011,60.96
Mali,2011,61.16
Cabo Verde,2011,61.65
Nepal,2011,61.73
Mali,2011,61.78
Egypt,2011,62.02
Mali,2011,62.14
Iraq,2011,62.34
Egypt,2011,62.51
Saudi Arabia,2011,62.76
Kuwait,2011,63.6
Nepal,2011,63.67
Nigeria,2011,63.91
India,2011,65.11
Kuwait,2011,65.93
Nepal,2011,68.26
Mauritania,2011,68.57
Qatar,2011,69.44
Brunei Darussalam,2011,7.03
Palau,2011,7.07
Brunei Darussalam,2011,7.09
Palau,2011,7.1
Palau,2011,7.11
Tuvalu,2011,7.2
Tuvalu,2011,7.2
Australia,2011,7.23
Cook Islands,2011,7.25
Cook Islands,2011,7.25
Sweden,2011,7.25
Australia,2011,7.37
Brunei Darussalam,2011,7.42
Finland,2011,7.51
Niue,2011,7.6
Niue,2011,7.6
Sweden,2011,7.6
Iceland,2011,7.7
Iceland,2011,7.7
Iceland,2011,7.7
Estonia,2011,7.79
Mauritania,2011,70.4
Mauritania,2011,72.41
Qatar,2011,76.55
Qatar,2011,77.35
Canada,2011,8.08
United States of America,2011,8.15
Estonia,2011,8.19
Saint Kitts and Nevis,2011,8.2
Saint Kitts and Nevis,2011,8.21
Norway,2011,8.22
Nauru,2011,8.27
Saint Kitts and Nevis,2011,8.28
Finland,2011,8.41
Canada,2011,8.47
San Marino,2011,8.64
San Marino,2011,8.64
Mauritius,2011,8.78
Uruguay,2011,8.99
Niger,2011,82.21
Niger,2011,85.23
Niger,2011,85.8
Norway,2011,9.08
United States of America,2011,9.29
Uruguay,2011,9.3
Uruguay,2011,9.32
Russian Federation,2011,9.35
Ireland,2011,9.52
United States of America,2011,9.56
Portugal,2011,9.7
Mauritius,2011,9.75
Portugal,2010,10.0
Spain,2010,10.03
Ireland,2010,10.1
Mauritius,2010,10.16
Russian Federation,2010,10.16
Marshall Islands,2010,10.2
Marshall Islands,2010,10.2
Tonga,2010,10.34
Fiji,2010,10.35
Vanuatu,2010,10.35
Micronesia (Federated States of),2010,10.36
Solomon Islands,2010,10.4
Tonga,2010,10.43
Papua New Guinea,2010,10.43
Micronesia (Federated States of),2010,10.46
Solomon Islands,2010,10.5
Papua New Guinea,2010,10.51
Samoa,2010,10.53
Kiribati,2010,10.56
Andorra,2010,10.56
Micronesia (Federated States of),2010,10.58
Vanuatu,2010,10.59
Tonga,2010,10.64
Kiribati,2010,10.65
Ireland,2010,10.67
Samoa,2010,10.68
Fiji,2010,10.76
Kiribati,2010,10.78
Samoa,2010,10.91
Switzerland,2010,10.94
Portugal,2010,10.98
Mauritius,2010,11.0
Argentina,2010,11.08
Luxembourg,2010,11.21
Fiji,2010,11.24
Vanuatu,2010,11.28
Denmark,2010,11.3
Argentina,2010,11.42
Singapore,2010,11.45
Spain,2010,11.48
Solomon Islands,2010,11.51
Japan,2010,11.57
Andorra,2010,11.69
Papua New Guinea,2010,11.77
Belgium,2010,11.82
Japan,2010,11.85
Spain,2010,11.87
Malta,2010,11.97
Denmark,2010,12.24
Argentina,2010,12.36
Russian Federation,2010,12.41
France,2010,12.46
Denmark,2010,12.56
United Kingdom of Great Britain and Northern Ireland,2010,12.57
Andorra,2010,12.66
Seychelles,2010,12.69
United Kingdom of Great Britain and Northern Ireland,2010,12.71
Seychelles,2010,12.71
Seychelles,2010,12.72
Singapore,2010,12.84
Singapore,2010,12.84
Maldives,2010,13.06
Luxembourg,2010,13.18
Lithuania,2010,13.23
Italy,2010,13.24
Switzerland,2010,13.39
Latvia,2010,13.4
Kazakhstan,2010,13.42
Maldives,2010,13.43
Luxembourg,2010,13.43
Brazil,2010,13.5
Austria,2010,13.55
Dominican Republic,2010,13.65
Germany,2010,13.67
Switzerland,2010,13.68
Jamaica,2010,13.78
Netherlands,2010,13.98
Malaysia,2010,14.14
Lithuania,2010,14.27
Greece,2010,14.28
Comoros,2010,14.32
Comoros,2010,14.32
Comoros,2010,14.32
Brazil,2010,14.37
Russian Federation,2010,14.39
Bahamas,2010,14.42
Turkmenistan,2010,14.45
Maldives,2010,14.46
Brazil,2010,14.53
Jamaica,2010,14.54
Kazakhstan,2010,14.72
Paraguay,2010,14.86
Georgia,2010,14.9
France,2010,14.9
Paraguay,2010,14.94
Jamaica,2010,14.96
Paraguay,2010,14.99
Monaco,2010,15.24
Monaco,2010,15.24
Romania,2010,15.27
Madagascar,2010,15.33
Panama,2010,15.35
Germany,2010,15.36
Madagascar,2010,15.36
Madagascar,2010,15.38
Antigua and Barbuda,2010,15.4
Austria,2010,15.49
Lithuania,2010,15.55
Netherlands,2010,15.57
Panama,2010,15.62
Azerbaijan,2010,15.63
Netherlands,2010,15.64
Haiti,2010,15.65
Turkmenistan,2010,15.66
Ukraine,2010,15.68
Germany,2010,15.71
Dominican Republic,2010,15.86
France,2010,15.87
Cyprus,2010,15.95
Republic of Moldova,2010,16.0
Cuba,2010,16.11
Panama,2010,16.24
Bahamas,2010,16.31
Latvia,2010,16.43
Belgium,2010,16.43
Dominican Republic,2010,16.43
Austria,2010,16.49
Romania,2010,16.54
Malta,2010,16.56
Belgium,2010,16.57
Malta,2010,16.58
Indonesia,2010,16.81
Republic of Moldova,2010,16.94
Ukraine,2010,17.11
Malaysia,2010,17.13
Greece,2010,17.17
Haiti,2010,17.17
Kyrgyzstan,2010,17.29
Azerbaijan,2010,17.49
Hungary,2010,17.49
Slovenia,2010,17.57
Republic of Moldova,2010,17.58
Romania,2010,17.65
Czechia,2010,17.67
Bahamas,2010,17.7
Timor-Leste,2010,17.78
Dominica,2010,17.81
Malaysia,2010,18.0
Cyprus,2010,18.07
Timor-Leste,2010,18.15
Ukraine,2010,18.17
Greece,2010,18.35
Saint Lucia,2010,18.37
Italy,2010,18.5
Croatia,2010,18.51
Chile,2010,18.59
Georgia,2010,18.61
Belarus,2010,18.63
Slovenia,2010,18.69
Cuba,2010,18.79
Hungary,2010,18.84
Indonesia,2010,18.85
Italy,2010,19.06
Latvia,2010,19.15
Cyprus,2010,19.19
Colombia,2010,19.26
Azerbaijan,2010,19.29
Slovenia,2010,19.31
Suriname,2010,19.33
Albania,2010,19.38
Haiti,2010,19.42
Ecuador,2010,19.43
Ecuador,2010,19.56
Czechia,2010,19.57
Hungary,2010,19.59
Ecuador,2010,19.66
Saint Vincent and the Grenadines,2010,19.68
Croatia,2010,19.7
Costa Rica,2010,19.78
Costa Rica,2010,19.8
Dominica,2010,19.83
Colombia,2010,19.9
Timor-Leste,2010,19.96
Costa Rica,2010,19.99
Slovakia,2010,20.0
Kyrgyzstan,2010,20.08
Albania,2010,20.09
Antigua and Barbuda,2010,20.1
Guyana,2010,20.11
Czechia,2010,20.15
Belize,2010,20.19
Uzbekistan,2010,20.2
Croatia,2010,20.23
Antigua and Barbuda,2010,20.27
Bulgaria,2010,20.29
Belize,2010,20.36
Grenada,2010,20.38
Belize,2010,20.39
Colombia,2010,20.49
Dominica,2010,20.51
Indonesia,2010,20.7
Belarus,2010,20.97
Mozambique,2010,20.98
Philippines,2010,21.08
Namibia,2010,21.22
Slovakia,2010,21.24
Kazakhstan,2010,21.25
Trinidad and Tobago,2010,21.36
Bulgaria,2010,21.56
Albania,2010,21.59
Venezuela (Bolivarian Republic of),2010,21.65
Israel,2010,21.65
Slovakia,2010,21.78
Eswatini,2010,21.8
Venezuela (Bolivarian Republic of),2010,21.8
Mozambique,2010,21.82
Armenia,2010,21.84
Chile,2010,21.92
Republic of Korea,2010,21.95
Venezuela (Bolivarian Republic of),2010,22.0
Saint Vincent and the Grenadines,2010,22.02
Eswatini,2010,22.04
Cuba,2010,22.05
Guyana,2010,22.08
Eswatini,2010,22.12
Montenegro,2010,22.17
Viet Nam,2010,22.22
Trinidad and Tobago,2010,22.22
Lao People's Democratic Republic,2010,22.23
Grenada,2010,22.3
Mozambique,2010,22.38
South Africa,2010,22.38
Georgia,2010,22.43
Grenada,2010,22.45
Saint Vincent and the Grenadines,2010,22.46
Saint Lucia,2010,22.51
Saint Lucia,2010,22.53
Republic of Korea,2010,22.59
Republic of Korea,2010,22.67
United Republic of Tanzania,2010,22.84
Barbados,2010,22.93
Israel,2010,22.99
Israel,2010,23.09
Somalia,2010,23.13
Kenya,2010,23.21
Trinidad and Tobago,2010,23.23
Lao People's Democratic Republic,2010,23.26
Somalia,2010,23.28
Somalia,2010,23.31
Belarus,2010,23.41
Nicaragua,2010,23.51
Zimbabwe,2010,23.55
Montenegro,2010,23.55
Poland,2010,23.59
Kyrgyzstan,2010,23.69
Bulgaria,2010,23.79
Uzbekistan,2010,23.88
Sri Lanka,2010,23.91
Mexico,2010,23.97
Nicaragua,2010,24.06
Chile,2010,24.16
Montenegro,2010,24.2
Barbados,2010,24.25
Mexico,2010,24.36
Mexico,2010,24.4
Nicaragua,2010,24.43
South Africa,2010,24.5
Namibia,2010,24.59
Lao People's Democratic Republic,2010,24.59
Zimbabwe,2010,24.66
Barbados,2010,24.69
Philippines,2010,24.7
Sri Lanka,2010,24.76
Guyana,2010,24.81
Suriname,2010,25.04
Malawi,2010,25.05
Zimbabwe,2010,25.17
United Republic of Tanzania,2010,25.23
Kenya,2010,25.27
Lesotho,2010,25.28
Lesotho,2010,25.49
Mongolia,2010,25.49
Sri Lanka,2010,25.65
Viet Nam,2010,25.7
Morocco,2010,25.89
Kenya,2010,25.92
United Republic of Tanzania,2010,25.97
Morocco,2010,26.06
Malawi,2010,26.1
Morocco,2010,26.23
Peru,2010,26.24
Botswana,2010,26.27
Malawi,2010,26.29
Botswana,2010,26.32
Bolivia (Plurinational State of),2010,26.33
Botswana,2010,26.49
Poland,2010,26.68
Tajikistan,2010,26.72
Lesotho,2010,26.83
Serbia,2010,27.13
Bolivia (Plurinational State of),2010,27.2
Namibia,2010,27.67
South Africa,2010,27.83
Honduras,2010,27.87
Viet Nam,2010,27.88
Poland,2010,27.88
Honduras,2010,27.94
Honduras,2010,27.99
Cambodia,2010,28.03
Suriname,2010,28.19
Armenia,2010,28.3
Serbia,2010,28.35
Uzbekistan,2010,28.36
Philippines,2010,28.36
Bosnia and Herzegovina,2010,28.46
Bolivia (Plurinational State of),2010,28.49
Ethiopia,2010,28.54
Cambodia,2010,28.56
Zambia,2010,28.75
Serbia,2010,28.76
Turkmenistan,2010,28.96
Ethiopia,2010,29.15
Algeria,2010,29.23
The former Yugoslav Republic of Macedonia,2010,29.26
Tajikistan,2010,29.29
Ethiopia,2010,29.39
Peru,2010,29.82
Zambia,2010,29.9
Algeria,2010,30.01
Zambia,2010,30.43
Djibouti,2010,30.45
Djibouti,2010,30.45
Djibouti,2010,30.49
Cambodia,2010,31.06
Tunisia,2010,31.06
El Salvador,2010,31.16
El Salvador,2010,31.27
Thailand,2010,31.31
El Salvador,2010,31.37
Tunisia,2010,31.72
South Sudan,2010,32.07
Lebanon,2010,32.16
Bosnia and Herzegovina,2010,32.26
South Sudan,2010,32.3
Thailand,2010,32.3
South Sudan,2010,32.33
Peru,2010,32.33
Mongolia,2010,32.35
Guatemala,2010,32.51
Lebanon,2010,32.65
Lebanon,2010,32.67
Guatemala,2010,32.8
Eritrea,2010,32.85
Algeria,2010,33.08
Guatemala,2010,33.19
Tunisia,2010,33.24
The former Yugoslav Republic of Macedonia,2010,33.25
Bhutan,2010,33.27
Bhutan,2010,33.75
Bhutan,2010,33.82
Thailand,2010,33.84
Benin,2010,34.0
Eritrea,2010,34.7
Burundi,2010,34.84
Burundi,2010,35.09
Iran (Islamic Republic of),2010,35.2
Bosnia and Herzegovina,2010,35.26
Eritrea,2010,35.38
Democratic People's Republic of Korea,2010,35.45
Jordan,2010,35.53
Burundi,2010,35.59
Iran (Islamic Republic of),2010,35.7
Yemen,2010,35.74
Jordan,2010,35.99
Iran (Islamic Republic of),2010,36.08
Benin,2010,36.14
Angola,2010,36.5
Sao Tome and Principe,2010,36.56
Angola,2010,36.67
Yemen,2010,36.68
Angola,2010,36.7
Sao Tome and Principe,2010,36.72
Sao Tome and Principe,2010,36.86
Yemen,2010,37.12
Uganda,2010,37.16
Myanmar,2010,37.25
Myanmar,2010,37.31
Uganda,2010,37.47
Myanmar,2010,37.53
Syrian Arab Republic,2010,37.6
Turkey,2010,37.67
Rwanda,2010,37.79
Rwanda,2010,37.79
Democratic People's Republic of Korea,2010,37.8
Rwanda,2010,37.81
The former Yugoslav Republic of Macedonia,2010,37.84
Liberia,2010,38.04
Armenia,2010,38.06
Togo,2010,38.07
Benin,2010,38.1
Sudan,2010,38.34
Sudan,2010,38.51
Togo,2010,38.56
Sudan,2010,38.57
Democratic People's Republic of Korea,2010,38.64
Uganda,2010,38.69
Turkey,2010,38.76
Oman,2010,38.9
Tajikistan,2010,38.94
Liberia,2010,39.17
Syrian Arab Republic,2010,39.47
Togo,2010,39.49
Central African Republic,2010,39.88
Central African Republic,2010,39.94
Central African Republic,2010,40.08
Liberia,2010,40.3
Turkey,2010,40.49
Jordan,2010,40.55
United Arab Emirates,2010,40.6
Oman,2010,40.7
Equatorial Guinea,2010,41.38
Equatorial Guinea,2010,41.46
Gabon,2010,42.02
Oman,2010,42.16
Equatorial Guinea,2010,42.22
Gabon,2010,42.27
Democratic Republic of the Congo,2010,42.42
Gabon,2010,42.44
Nigeria,2010,42.58
Ghana,2010,42.7
Democratic Republic of the Congo,2010,43.23
United Arab Emirates,2010,43.38
China,2010,43.49
Sierra Leone,2010,43.53
Sierra Leone,2010,44.1
Congo,2010,44.21
United Arab Emirates,2010,44.34
Ghana,2010,44.42
Democratic Republic of the Congo,2010,44.6
Côte d’Ivoire,2010,45.08
Congo,2010,45.11
Ghana,2010,45.22
Côte d’Ivoire,2010,45.23
Côte d’Ivoire,2010,45.32
Sierra Leone,2010,45.48
Congo,2010,45.7
China,2010,46.75
Cabo Verde,2010,47.57
Guinea,2010,47.62
Afghanistan,2010,47.75
Cabo Verde,2010,47.84
Guinea,2010,47.9
Guinea,2010,47.99
Cabo Verde,2010,48.18
Syrian Arab Republic,2010,48.3
Mongolia,2010,48.81
Libya,2010,49.01
Burkina Faso,2010,49.09
China,2010,49.63
Afghanistan,2010,49.8
Burkina Faso,2010,50.63
Pakistan,2010,50.81
Burkina Faso,2010,50.96
Guinea-Bissau,2010,50.97
Libya,2010,51.1
Guinea-Bissau,2010,51.38
Libya,2010,51.85
Guinea-Bissau,2010,52.0
Bangladesh,2010,52.64
Pakistan,2010,52.87
Nigeria,2010,53.51
Senegal,2010,53.55
India,2010,54.04
Gambia,2010,54.71
Gambia,2010,54.73
Gambia,2010,54.73
Senegal,2010,54.74
Chad,2010,55.19
Chad,2010,55.79
Kuwait,2010,56.02
Bangladesh,2010,56.03
Pakistan,2010,56.1
Senegal,2010,56.23
Bangladesh,2010,57.18
Afghanistan,2010,57.34
Saudi Arabia,2010,58.04
Cameroon,2010,58.09
Cameroon,2010,58.25
Cameroon,2010,58.4
Bahrain,2010,58.45
Chad,2010,58.59
Bahrain,2010,58.94
Bahrain,2010,58.97
Saudi Arabia,2010,59.17
Sweden,2010,6.33
Brunei Darussalam,2010,6.46
Canada,2010,6.46
Australia,2010,6.48
Brunei Darussalam,2010,6.5
New Zealand,2010,6.58
Brunei Darussalam,2010,6.76
Finland,2010,6.78
New Zealand,2010,6.91
New Zealand,2010,6.99
Mali,2010,60.26
Iraq,2010,60.48
India,2010,60.51
Mali,2010,60.95
Nigeria,2010,61.28
Mali,2010,61.29
Saudi Arabia,2010,62.11
Kuwait,2010,62.26
Iraq,2010,63.11
Nepal,2010,63.93
Kuwait,2010,64.64
Iraq,2010,65.29
Nepal,2010,65.94
Mauritania,2010,66.89
Egypt,2010,67.17
Mauritania,2010,67.64
India,2010,68.06
Mauritania,2010,68.4
Qatar,2010,69.06
Sweden,2010,7.0
Nauru,2010,7.04
Nauru,2010,7.04
Tuvalu,2010,7.28
Tuvalu,2010,7.28
Finland,2010,7.28
Palau,2010,7.33
Sweden,2010,7.37
Palau,2010,7.4
Palau,2010,7.42
Iceland,2010,7.42
Iceland,2010,7.43
Australia,2010,7.44
Iceland,2010,7.44
Cook Islands,2010,7.59
Cook Islands,2010,7.59
Australia,2010,7.59
Estonia,2010,7.68
Norway,2010,7.74
Niue,2010,7.76
Niue,2010,7.76
Nepal,2010,71.28
Egypt,2010,72.72
Egypt,2010,73.44
Qatar,2010,76.67
Niger,2010,77.54
Qatar,2010,77.58
United States of America,2010,8.11
Finland,2010,8.16
Canada,2010,8.21
Saint Kitts and Nevis,2010,8.39
Saint Kitts and Nevis,2010,8.43
Nauru,2010,8.48
Norway,2010,8.49
Saint Kitts and Nevis,2010,8.5
Estonia,2010,8.56
Canada,2010,8.56
San Marino,2010,8.59
San Marino,2010,8.59
Uruguay,2010,8.83
Niger,2010,81.0
Niger,2010,81.67
Estonia,2010,9.03
Uruguay,2010,9.07
Uruguay,2010,9.09
United States of America,2010,9.19
Mauritius,2010,9.2
Ireland,2010,9.23
United States of America,2010,9.44
Portugal,2010,9.48
Norway,2010,9.5
Japan,2010,9.9
United Kingdom of Great Britain and Northern Ireland,2010,9.97
